unique_id,price_paid,deed_date,postcode,property_type,new_build,estate_type,paon,street,transaction_category
1061746E-3905-3C34-E063-4804A8C0F9E7,420000,2024-01-03,UB3 1AH,S,,F,18,ROSTREVOR GARDENS,A
1C3E72FE-6549-F410-E063-4804A8C0DFA6,480000,2024-01-04,UB3 2QJ,T,,F,43,CRANMER ROAD,A
1C3E72FD-C570-F410-E063-4804A8C0DFA6,575000,2024-01-10,UB3 2LN,S,,F,102,CHURCH ROAD,A
1775CCF6-D944-38BA-E063-4704A8C05A7C,280000,2024-01-11,UB3 5LT,F,,F,27,WEST END LANE,A
1A0C5C64-0049-7CBE-E063-4804A8C06C96,550000,2024-01-12,UB3 5EH,S,,F,23,SIPSON LANE,B
2131FCF6-4556-86E8-E063-4804A8C0372B,266500,2024-01-12,UB3 1JU,T,,F,52,PRINCES PARK LANE,A
1A0C5C64-013F-7CBE-E063-4804A8C06C96,450000,2024-01-13,UB3 2LW,T,,F,142,CHURCH ROAD,B
2F7F2B43-BE99-E08F-E063-4804A8C05A49,181000,2024-01-14,UB3 5AR,F,,F,4,MONDIAL WAY,B
237B17FE-C1D9-22AC-E063-4804A8C0EA3A,795000,2024-01-15,UB3 3ES,O,,F,58A,COLDHARBOUR LANE,B
237B17FE-E089-22AC-E063-4804A8C0EA3A,795000,2024-01-15,UB3 3ES,O,,F,58A,COLDHARBOUR LANE,B
31C68072-DE71-FEE3-E063-4804A8C04F37,410000,2024-01-16,UB3 4LE,T,,F,114,CRANFORD DRIVE,B
152AB733-FD5B-E651-E063-4704A8C061D9,500000,2024-01-17,UB3 3AW,S,,F,28,HUGHES ROAD,A
1A0C5C63-7DA4-7CBE-E063-4804A8C06C96,515000,2024-01-19,UB3 4QP,S,,F,11,GORDON CRESCENT,A
1A0C5C63-7E42-7CBE-E063-4804A8C06C96,525000,2024-01-19,UB3 2NG,S,,F,13,LANNOCK ROAD,A
2859C1AB-76EE-52B4-E063-4804A8C05948,515000,2024-01-19,UB3 4GE,F,,F,"FORASTERO HOUSE, 24",FARINE AVENUE,A
31C68072-DEF6-FEE3-E063-4804A8C04F37,1000,2024-01-23,UB3 5ED,O,,F,11,MANSE CLOSE,B
1C3E72FE-E8ED-F410-E063-4804A8C0DFA6,435000,2024-01-23,UB3 4EX,T,,F,69,WOOLACOMBE WAY,B
1A0C5C64-0169-7CBE-E063-4804A8C06C96,445000,2024-01-25,UB3 2QU,T,,F,21,WAYLANDS,B
1C3E72FF-0F56-F410-E063-4804A8C0DFA6,790000,2024-01-29,UB3 3JN,S,,F,9,MINET DRIVE,B
25E9DA80-5C07-555E-E063-4704A8C066F2,250000,2024-01-31,UB3 1FP,F,,F,7,GRAMOPHONE LANE,A
4777E0AF-9AFC-5D59-E063-4804A8C09F8E,485000,2024-01-31,UB3 3PD,T,,F,129,BIRCHWAY,B
25E9DA80-5C08-555E-E063-4704A8C066F2,250000,2024-01-31,UB3 1FN,F,,F,14,POWERHOUSE LANE,A
1C3E72FE-695B-F410-E063-4804A8C0DFA6,399950,2024-01-31,UB3 4HD,T,,F,142,CLEAVE AVENUE,A
1775CCF7-F54A-38BA-E063-4704A8C05A7C,390000,2024-01-31,UB3 2QJ,T,,F,27,CRANMER ROAD,B
1A0C5C64-012F-7CBE-E063-4804A8C06C96,475000,2024-01-31,UB3 1PJ,S,,F,67,PINKWELL LANE,B
12A8BAB6-6A49-2125-E063-4804A8C08CC1,520000,2024-02-02,UB3 1QA,T,,F,9,GLAMIS CRESCENT,A
31C68072-DF04-FEE3-E063-4804A8C04F37,270000,2024-02-02,UB3 2BQ,F,,F,29,EVERGREEN WAY,B
1C3E72FE-69EE-F410-E063-4804A8C0DFA6,390000,2024-02-05,UB3 2QB,T,,F,23,TUDOR ROAD,A
25E9DA80-57D9-555E-E063-4704A8C066F2,360000,2024-02-06,UB3 1DZ,F,,F,"BOILER HOUSE, 2",MATERIAL WALK,A
237B17FE-C179-22AC-E063-4804A8C0EA3A,20000,2024-02-06,UB3 1PS,O,,F,5,BOURNE CIRCUS,B
1C3E72FD-C97B-F410-E063-4804A8C0DFA6,375000,2024-02-06,UB3 5NL,S,,F,12,RAYWOOD CLOSE,A
1EAE3DF7-4603-9EB1-E063-4704A8C09D02,100000,2024-02-07,UB3 5AE,F,,F,28,DAVID CLOSE,B
12A8BAB7-0113-2125-E063-4804A8C08CC1,425000,2024-02-08,UB3 2QJ,T,,F,49,CRANMER ROAD,B
12A8BAB6-6F37-2125-E063-4804A8C08CC1,390000,2024-02-12,UB3 2RG,T,,F,9,ROSEDALE AVENUE,A
1A0C5C64-0068-7CBE-E063-4804A8C06C96,400000,2024-02-12,UB3 5BT,O,,F,312,HIGH STREET,B
1A0C5C63-E47E-7CBE-E063-4804A8C06C96,475000,2024-02-13,UB3 3PZ,T,,F,97,AVONDALE DRIVE,B
1EAE3DF6-C38F-9EB1-E063-4704A8C09D02,475000,2024-02-14,UB3 1NG,S,,F,26,PINKWELL AVENUE,A
1C3E72FE-655A-F410-E063-4804A8C0DFA6,490000,2024-02-14,UB3 2TT,S,,F,23,KINGSWAY,A
1A0C5C63-0629-7CBE-E063-4804A8C06C96,515000,2024-02-14,UB3 2TW,S,,F,45,YORK AVENUE,A
1C3E72FE-64C4-F410-E063-4804A8C0DFA6,480000,2024-02-14,UB3 2RW,T,,F,12,THE GREEN,A
1C3E72FF-0DA0-F410-E063-4804A8C0DFA6,944000,2024-02-16,UB3 5DU,O,,F,286,HIGH STREET,B
237B17FE-E15C-22AC-E063-4804A8C0EA3A,455000,2024-02-16,UB3 1JG,T,,F,31,CHESTNUT CLOSE,B
1C3E72FE-69D6-F410-E063-4804A8C0DFA6,470000,2024-02-16,UB3 1QL,T,,F,32,BOURNE AVENUE,A
12A8BAB6-E22A-2125-E063-4804A8C08CC1,400000,2024-02-19,UB3 5BQ,T,,F,89,NEW ROAD,B
1EAE3DF6-2296-9EB1-E063-4704A8C09D02,300000,2024-02-21,UB3 2BE,F,,F,91,BOTWELL CRESCENT,A
1A0C5C63-8101-7CBE-E063-4804A8C06C96,350000,2024-02-21,UB3 5LU,F,,F,63,WEST END LANE,A
1C3E72FE-EA5F-F410-E063-4804A8C0DFA6,49534,2024-02-22,UB3 1DU,O,,F,UNIT 16 BLOCK A,CROWN TRADING CENTRE,B
152AB734-68F3-E651-E063-4704A8C061D9,50524,2024-02-22,UB3 1DU,O,,F,UNIT 16 BLOCK A,CROWN TRADING CENTRE,B
2D4D7609-C629-BDF9-E063-4804A8C0672F,62850,2024-02-22,UB3 1EG,O,,F,"QUARTZ HOUSE, 15",MASONRY PLACE,B
1A0C5C63-E42E-7CBE-E063-4804A8C06C96,99971,2024-02-22,UB3 1EE,F,,F,11,MASONRY PLACE,B
31C68072-DF1F-FEE3-E063-4804A8C04F37,2106156,2024-02-22,UB3 1ES,O,,F,"SLATE HOUSE, 5",MASONRY PLACE,B
2ACACE8D-7BF8-295E-E063-4804A8C0B0EB,80886,2024-02-22,UB3 1EG,F,,F,"QUARTZ HOUSE, 15",MASONRY PLACE,B
1C3E72FE-EA60-F410-E063-4804A8C0DFA6,80886,2024-02-22,UB3 1DU,F,,F,UNIT 11,CROWN TRADING CENTRE,B
2D4D7609-C62A-BDF9-E063-4804A8C0672F,80886,2024-02-22,UB3 1EG,F,,F,"QUARTZ HOUSE, 15",MASONRY PLACE,B
1A0C5C63-E42D-7CBE-E063-4804A8C06C96,85430,2024-02-22,UB3 1EE,F,,F,13,MASONRY PLACE,B
1A0C5C63-E42C-7CBE-E063-4804A8C06C96,85430,2024-02-22,UB3 1EE,F,,F,17,MASONRY PLACE,B
2ACACE8D-7BF7-295E-E063-4804A8C0B0EB,80886,2024-02-22,UB3 1EG,F,,F,"QUARTZ HOUSE, 15",MASONRY PLACE,B
152AB734-866E-E651-E063-4704A8C061D9,505000,2024-02-23,UB3 1DB,T,,F,87,BLYTH ROAD,B
2D4D7608-936E-BDF9-E063-4804A8C0672F,580000,2024-02-23,UB3 4GE,F,,F,"FORASTERO HOUSE, 24",FARINE AVENUE,A
2ACACE8C-894C-295E-E063-4804A8C0B0EB,522000,2024-02-23,UB3 4GE,F,,F,"FORASTERO HOUSE, 24",FARINE AVENUE,A
1C3E72FD-C97E-F410-E063-4804A8C0DFA6,165000,2024-02-23,UB3 2NP,F,,F,GOWER HOUSE,BARRA HALL CIRCUS,A
1775CCF7-67B3-38BA-E063-4704A8C05A7C,362500,2024-02-23,UB3 1QE,S,,F,3,DENBIGH DRIVE,A
25E9DA81-E485-555E-E063-4704A8C066F2,570000,2024-02-23,UB3 1TE,T,,F,128,WALTHAM AVENUE,B
42C129E5-67FB-60A9-E063-4804A8C0C25D,130000,2024-02-25,UB3 1PS,O,,F,4,BOURNE CIRCUS,B
2859C1AC-3AD3-52B4-E063-4804A8C05948,499950,2024-02-26,UB3 5LR,S,,F,11,CHEVIOT CLOSE,A
25E9DA80-5713-555E-E063-4704A8C066F2,280000,2024-02-27,UB3 4QL,F,,F,41,BLACK ROD CLOSE,A
152AB733-76ED-E651-E063-4704A8C061D9,463000,2024-02-27,UB3 2SR,S,,F,17,LEVEN WAY,A
1A0C5C64-0136-7CBE-E063-4804A8C06C96,450000,2024-02-28,UB3 4LG,T,,F,166,CRANFORD DRIVE,B
25E9DA80-5C25-555E-E063-4704A8C066F2,250000,2024-02-29,UB3 1FP,F,,F,7,GRAMOPHONE LANE,A
25E9DA80-5C1F-555E-E063-4704A8C066F2,244000,2024-02-29,UB3 1FP,F,,F,7,GRAMOPHONE LANE,A
25E9DA80-5C1A-555E-E063-4704A8C066F2,250000,2024-02-29,UB3 1FP,F,,F,7,GRAMOPHONE LANE,A
1C3E72FE-6AAE-F410-E063-4804A8C0DFA6,350000,2024-02-29,UB3 4LW,T,,F,14,FULLER WAY,A
2859C1AB-7768-52B4-E063-4804A8C05948,250000,2024-02-29,UB3 1FP,F,,F,7,GRAMOPHONE LANE,A
152AB733-FD01-E651-E063-4704A8C061D9,250000,2024-03-01,UB3 1TD,T,,F,72,WALTHAM AVENUE,A
1A0C5C63-036C-7CBE-E063-4804A8C06C96,290000,2024-03-04,UB3 2QB,F,,F,"FIRST FLOOR FLAT, 34",TUDOR ROAD,A
2D4D7608-9398-BDF9-E063-4804A8C0672F,507840,2024-03-08,UB3 4GF,F,,F,"FORASTERO HOUSE, 24",FARINE AVENUE,A
152AB734-0060-E651-E063-4704A8C061D9,155000,2024-03-08,UB3 5EP,F,,F,"FELBRIDGE COURT, 311",HIGH STREET,A
2859C1AC-D72F-52B4-E063-4804A8C05948,315000,2024-03-08,UB3 1FP,F,,F,7,GRAMOPHONE LANE,B
1EAE3DF6-C71B-9EB1-E063-4704A8C09D02,385000,2024-03-08,UB3 4HA,T,,F,37,CLEAVE AVENUE,A
25E9DA81-E5B3-555E-E063-4704A8C066F2,480000,2024-03-08,UB3 2QR,S,,F,2,STUART CRESCENT,B
1775CCF6-D7A5-38BA-E063-4704A8C05A7C,319950,2024-03-11,UB3 5LZ,F,,F,26,GILPIN WAY,A
152AB733-7704-E651-E063-4704A8C061D9,211000,2024-03-11,UB3 5AF,F,,F,29,CAROLINE PLACE,A
2859C1AB-771F-52B4-E063-4804A8C05948,260000,2024-03-11,UB3 1FN,F,,F,14,POWERHOUSE LANE,A
1C3E72FF-0F51-F410-E063-4804A8C0DFA6,425000,2024-03-14,UB3 3JD,T,,F,2,HUNTERS GROVE,B
2131FCF6-40D6-86E8-E063-4804A8C0372B,440000,2024-03-15,UB3 1QS,T,,F,147,BOURNE AVENUE,A
2131FCF6-DE6D-86E8-E063-4804A8C0372B,100000,2024-03-15,UB3 5JF,F,,F,16,FORGE CLOSE,B
2131FCF5-A91B-86E8-E063-4804A8C0372B,325000,2024-03-15,UB3 4FX,F,,F,"TRUSCON HOUSE, 12",CARNATION GARDENS,A
1EAE3DF6-20BA-9EB1-E063-4704A8C09D02,112500,2024-03-15,UB3 2RS,F,,F,"GEORGE COURT, 89",GRANGE ROAD,A
2859C1AB-7720-52B4-E063-4804A8C05948,260000,2024-03-15,UB3 1FN,F,,F,14,POWERHOUSE LANE,A
2131FCF5-A64F-86E8-E063-4804A8C0372B,170000,2024-03-18,UB3 4BN,F,,F,4,COPTHORNE MEWS,A
2859C1AB-774E-52B4-E063-4804A8C05948,310000,2024-03-20,UB3 1FP,F,,F,7,GRAMOPHONE LANE,A
1EAE3DF7-6984-9EB1-E063-4704A8C09D02,532000,2024-03-20,UB3 3BU,T,,F,2,CHALFONT ROAD,B
2131FCF5-A6D0-86E8-E063-4804A8C0372B,225000,2024-03-22,UB3 4BQ,F,,F,VANTAGE BUILDING,STATION APPROACH,A
1EAE3DF6-C357-9EB1-E063-4704A8C09D02,562000,2024-03-22,UB3 2AX,S,,F,62,MORAY AVENUE,A
1EAE3DF6-21C9-9EB1-E063-4704A8C09D02,265000,2024-03-26,UB3 1AA,F,,F,"UNION HOUSE, 23",CLAYTON ROAD,A
2859C1AB-7752-52B4-E063-4804A8C05948,300000,2024-03-26,UB3 1FP,F,,F,7,GRAMOPHONE LANE,A
25E9DA81-E4B3-555E-E063-4704A8C066F2,490000,2024-03-26,UB3 2PP,S,,F,17,CROMWELL ROAD,B
2131FCF6-429D-86E8-E063-4804A8C0372B,510000,2024-03-27,UB3 1TA,S,,F,6,WALTHAM AVENUE,A
1EAE3DF6-C83F-9EB1-E063-4704A8C09D02,490000,2024-03-27,UB3 2HZ,T,,F,25,EASTHOLME,A
2859C1AB-773F-52B4-E063-4804A8C05948,258000,2024-03-28,UB3 1FN,F,,F,14,POWERHOUSE LANE,A
2859C1AB-7744-52B4-E063-4804A8C05948,325000,2024-03-28,UB3 1FP,F,,F,7,GRAMOPHONE LANE,A
34222871-E70B-4D2B-E063-4704A8C07853,225500,2024-03-28,UB3 5AF,F,,F,33,CAROLINE PLACE,A
2859C1AC-D72E-52B4-E063-4804A8C05948,315000,2024-03-28,UB3 1FP,F,,F,7,GRAMOPHONE LANE,B
237B17FD-9179-22AC-E063-4804A8C0EA3A,430000,2024-03-28,UB3 1JN,S,,F,3,BEECHWOOD AVENUE,A
237B17FD-9188-22AC-E063-4804A8C0EA3A,205000,2024-03-28,UB3 5BH,S,,F,48,BOLTONS LANE,A
2131FCF6-DD3D-86E8-E063-4804A8C0372B,230000,2024-04-02,UB3 2HR,O,,F,88,EAST AVENUE,B
2131FCF5-ABA1-86E8-E063-4804A8C0372B,240000,2024-04-02,UB3 2SG,F,,F,93,WOOD END GREEN ROAD,A
1A0C5C63-062E-7CBE-E063-4804A8C06C96,385000,2024-04-03,UB3 4EX,T,,F,80,WOOLACOMBE WAY,A
1C3E72FF-0DB4-F410-E063-4804A8C0DFA6,515000,2024-04-04,UB3 4NJ,D,,F,19,NORTH HYDE ROAD,B
2859C1AC-D732-52B4-E063-4804A8C05948,340000,2024-04-05,UB3 1FP,F,,F,7,GRAMOPHONE LANE,B
2ACACE8D-9470-295E-E063-4804A8C0B0EB,465000,2024-04-05,UB3 1EB,T,,F,14,DAWLEY PARADE,B
31C68072-DFBF-FEE3-E063-4804A8C04F37,536750,2024-04-05,UB3 4GE,F,,F,"FORASTERO HOUSE, 24",FARINE AVENUE,B
237B17FE-3F27-22AC-E063-4804A8C0EA3A,485000,2024-04-05,UB3 1PL,S,,F,14,SKIPTON DRIVE,A
25E9DA81-BFF1-555E-E063-4704A8C066F2,120000,2024-04-05,UB3 5AE,F,,F,28,DAVID CLOSE,B
2D4D7608-93BC-BDF9-E063-4804A8C0672F,489020,2024-04-08,UB3 4GE,F,,F,"FORASTERO HOUSE, 24",FARINE AVENUE,B
2859C1AB-775C-52B4-E063-4804A8C05948,260000,2024-04-09,UB3 1FN,F,,F,14,POWERHOUSE LANE,A
1775CCF7-F5E3-38BA-E063-4704A8C05A7C,152000,2024-04-09,UB3 2AT,F,,F,37,FORRIS AVENUE,B
1C3E72FF-0EE1-F410-E063-4804A8C0DFA6,169000,2024-04-09,UB3 2AT,F,,F,37,FORRIS AVENUE,B
237B17FD-924B-22AC-E063-4804A8C0EA3A,270000,2024-04-10,UB3 2SU,F,,F,42,ROSSLYN CLOSE,A
1C3E72FF-0E1F-F410-E063-4804A8C0DFA6,550000,2024-04-11,UB3 4AX,T,,F,24,REDMEAD ROAD,B
1775CCF7-F50C-38BA-E063-4704A8C05A7C,345000,2024-04-12,UB3 1BA,T,,F,88,CLAYTON ROAD,B
2131FCF6-45C9-86E8-E063-4804A8C0372B,435000,2024-04-12,UB3 5BW,S,,F,6,HARLINGTON CLOSE,A
2859C1AB-7741-52B4-E063-4804A8C05948,270000,2024-04-12,UB3 1FN,F,,F,14,POWERHOUSE LANE,A
2131FCF5-A813-86E8-E063-4804A8C0372B,440000,2024-04-15,UB3 2RQ,T,,F,11,DAWSON CLOSE,A
1C3E72FE-E8F7-F410-E063-4804A8C0DFA6,435000,2024-04-15,UB3 4JR,S,,F,82,CROWLAND AVENUE,B
1775CCF7-63B7-38BA-E063-4704A8C05A7C,254253,2024-04-15,UB3 5HR,S,,F,29,ETON ROAD,A
2131FCF6-45F5-86E8-E063-4804A8C0372B,550000,2024-04-16,UB3 3JZ,S,,F,11,HERMON GROVE,A
42C129E4-2AF3-60A9-E063-4804A8C0C25D,115000,2024-04-17,UB3 2FQ,F,,F,"SEAFOX HOUSE, 4",ALBACORE WAY,A
2859C1AC-D5DC-52B4-E063-4804A8C05948,375000,2024-04-17,UB3 1QY,T,,F,6,WINDSOR GARDENS,B
2131FCF6-41D6-86E8-E063-4804A8C0372B,380000,2024-04-17,UB3 2QX,T,,F,12,ANGEL LANE,A
1EAE3DF7-6AE4-9EB1-E063-4704A8C09D02,505000,2024-04-18,UB3 3JD,S,,F,17,HUNTERS GROVE,B
1C3E72FE-6AF5-F410-E063-4804A8C0DFA6,266000,2024-04-18,UB3 3PS,T,,F,36,CLIVESDALE DRIVE,A
237B17FD-9415-22AC-E063-4804A8C0EA3A,280000,2024-04-19,UB3 1PW,F,,F,CHELTENHAM HOUSE,SKIPTON DRIVE,A
2131FCF6-DE52-86E8-E063-4804A8C0372B,230000,2024-04-19,UB3 1LQ,T,,F,2,BADGERS CLOSE,B
237B17FE-3B44-22AC-E063-4804A8C0EA3A,429950,2024-04-19,UB3 5AD,T,,F,110,HIGH STREET,A
1A0C5C64-015B-7CBE-E063-4804A8C06C96,550000,2024-04-19,UB3 3JF,S,,F,106,HUNTERS GROVE,B
1EAE3DF6-25D6-9EB1-E063-4704A8C09D02,190000,2024-04-22,UB3 1PF,F,,F,20,PINKWELL LANE,A
2131FCF5-A61D-86E8-E063-4804A8C0372B,275000,2024-04-24,UB3 4PA,S,,F,20,HYDE WAY,A
237B17FE-3A12-22AC-E063-4804A8C0EA3A,380000,2024-04-24,UB3 5HZ,T,,F,8,WINDSOR PARK ROAD,A
2F7F2B42-A1F0-E08F-E063-4804A8C05A49,540550,2024-04-24,UB3 4GE,F,,F,"FORASTERO HOUSE, 24",FARINE AVENUE,A
25E9DA80-5525-555E-E063-4704A8C066F2,235000,2024-04-26,UB3 1QR,F,,F,104,BOURNE AVENUE,A
1A0C5C63-8126-7CBE-E063-4804A8C06C96,230000,2024-04-26,UB3 1JB,S,,F,60,BOTWELL COMMON ROAD,A
2D4D7608-93DE-BDF9-E063-4804A8C0672F,271700,2024-04-26,UB3 1FN,F,,F,14,POWERHOUSE LANE,A
1A0C5C64-0047-7CBE-E063-4804A8C06C96,499950,2024-04-26,UB3 1NR,S,,F,132,WENTWORTH CRESCENT,B
237B17FD-93E4-22AC-E063-4804A8C0EA3A,239500,2024-04-26,UB3 3PG,F,,F,157,ABBOTSWOOD WAY,A
25E9DA81-E452-555E-E063-4704A8C066F2,660000,2024-04-29,UB3 4RA,S,,F,139,ROSEVILLE ROAD,B
1A0C5C64-009B-7CBE-E063-4804A8C06C96,1000000,2024-04-30,UB3 2LS,D,,F,190,CHURCH ROAD,B
2131FCF5-AAC3-86E8-E063-4804A8C0372B,208000,2024-04-30,UB3 5NG,F,,F,29,BRENDON CLOSE,A
2F7F2B42-A21F-E08F-E063-4804A8C05A49,250000,2024-04-30,UB3 1FP,F,,F,7,GRAMOPHONE LANE,A
237B17FE-3AB8-22AC-E063-4804A8C0EA3A,490000,2024-05-02,UB3 1TE,T,,F,155,WALTHAM AVENUE,A
25E9DA80-58C5-555E-E063-4704A8C066F2,300000,2024-05-02,UB3 2RX,S,,F,2A,QUEENS ROAD,A
1A0C5C63-E2DD-7CBE-E063-4804A8C06C96,250000,2024-05-03,UB3 4BN,T,,F,2,COPTHORNE MEWS,B
25E9DA80-5536-555E-E063-4704A8C066F2,305000,2024-05-03,UB3 4QB,F,,F,"GRIFFITHS COURT, 58",NESTLES AVENUE,A
237B17FD-91AD-22AC-E063-4804A8C0EA3A,295000,2024-05-03,UB3 2DD,F,,F,4,REID CLOSE,A
1C3E72FF-0DC4-F410-E063-4804A8C0DFA6,410000,2024-05-10,UB3 2UB,D,,F,22,MORGANS LANE,B
25E9DA80-5641-555E-E063-4704A8C066F2,260000,2024-05-10,UB3 2FH,F,,F,"AQUA HOUSE, 46",VARCOE GARDENS,A
2859C1AB-7767-52B4-E063-4804A8C05948,317000,2024-05-13,UB3 1FP,F,,F,7,GRAMOPHONE LANE,A
1A0C5C63-8131-7CBE-E063-4804A8C06C96,680000,2024-05-14,UB3 2HP,S,,F,33,EAST AVENUE,A
1C3E72FD-C3EB-F410-E063-4804A8C0DFA6,122000,2024-05-15,UB3 2DJ,F,,F,SUTCLIFFE HOUSE,ADDISON WAY,A
1C3E72FE-6551-F410-E063-4804A8C0DFA6,480000,2024-05-16,UB3 1NY,S,,F,4,ELERS ROAD,A
237B17FD-92B1-22AC-E063-4804A8C0EA3A,460000,2024-05-17,UB3 2UJ,T,,F,19,BARRA WOOD CLOSE,A
25E9DA81-1FCC-555E-E063-4704A8C066F2,512500,2024-05-17,UB3 1TQ,S,,F,48,COLBROOK AVENUE,A
2ACACE8D-11D3-295E-E063-4804A8C0B0EB,450000,2024-05-17,UB3 1JW,T,,F,51,BEECHWOOD AVENUE,A
237B17FE-E06C-22AC-E063-4804A8C0EA3A,775000,2024-05-20,UB3 3AP,O,,F,48,HUGHES ROAD,B
1C3E72FF-0DFC-F410-E063-4804A8C0DFA6,472000,2024-05-21,UB3 4AQ,S,,F,24,OAKINGTON AVENUE,B
237B17FE-E06D-22AC-E063-4804A8C0EA3A,444000,2024-05-21,UB3 2NE,T,,F,5,CEDAR AVENUE,B
2859C1AB-7238-52B4-E063-4804A8C05948,225000,2024-05-23,UB3 5DS,F,,F,234,HIGH STREET,A
2131FCF6-DD21-86E8-E063-4804A8C0372B,535000,2024-05-23,UB3 1ND,S,,F,74,DAWLEY ROAD,B
2D4D7608-9410-BDF9-E063-4804A8C0672F,345000,2024-05-24,UB3 1FP,F,,F,7,GRAMOPHONE LANE,A
1C3E72FE-64C7-F410-E063-4804A8C0DFA6,300622,2024-05-24,UB3 3AH,S,,F,44,STIRLING ROAD,A
2D4D7609-E479-BDF9-E063-4804A8C0672F,1470000,2024-05-28,UB3 2PS,O,,F,76,CROMWELL ROAD,B
31C68072-FC79-FEE3-E063-4804A8C04F37,1955000,2024-05-30,UB3 5DL,O,,F,"ARBOUR COURT, 475",HIGH STREET,B
1EAE3DF7-6AE5-9EB1-E063-4704A8C09D02,600000,2024-05-31,UB3 3JT,D,,F,49,HALSWAY,B
1C3E72FE-65F0-F410-E063-4804A8C0DFA6,485000,2024-05-31,UB3 2TL,S,,F,74,HANOVER CIRCLE,A
2D4D7608-941A-BDF9-E063-4804A8C0672F,250000,2024-05-31,UB3 1FN,F,,F,14,POWERHOUSE LANE,A
1C3E72FE-6642-F410-E063-4804A8C0DFA6,425000,2024-05-31,UB3 4AF,S,,F,14,REPTON AVENUE,A
2859C1AC-3A9B-52B4-E063-4804A8C05948,397000,2024-06-03,UB3 5HQ,T,,F,101,SAUNTON AVENUE,B
2ACACE8D-944F-295E-E063-4804A8C0B0EB,460000,2024-06-03,UB3 2SQ,T,,F,129,WOOD END GREEN ROAD,B
1C3E72FF-0F29-F410-E063-4804A8C0DFA6,585000,2024-06-05,UB3 3LJ,S,,F,35,MOUNT ROAD,B
25E9DA81-E5C0-555E-E063-4704A8C066F2,455000,2024-06-05,UB3 3JT,S,,F,44,HALSWAY,B
25E9DA81-E46A-555E-E063-4704A8C066F2,515000,2024-06-06,UB3 1NL,O,,F,23,WENTWORTH CRESCENT,B
25E9DA81-C083-555E-E063-4704A8C066F2,300000,2024-06-06,UB3 2LW,F,,F,140A,CHURCH ROAD,B
2859C1AC-D5F9-52B4-E063-4804A8C05948,310000,2024-06-06,UB3 2LW,O,,F,140,CHURCH ROAD,B
1C3E72FE-6957-F410-E063-4804A8C0DFA6,410000,2024-06-07,UB3 4HB,T,,F,101,CLEAVE AVENUE,A
2F7F2B42-A21B-E08F-E063-4804A8C05A49,255000,2024-06-07,UB3 1FN,F,,F,14,POWERHOUSE LANE,A
36A61A94-410D-DEF2-E063-4704A8C046AE,332000,2024-06-10,UB3 4NY,F,,F,3,FAIREY AVENUE,A
1C3E72FD-C725-F410-E063-4804A8C0DFA6,390000,2024-06-11,UB3 3FF,F,,F,"CARPENTER HOUSE, 45",PUMP LANE,A
2D4D7609-3F76-BDF9-E063-4804A8C0672F,475000,2024-06-12,UB3 4LW,T,,F,4,FULLER WAY,A
2F7F2B42-A221-E08F-E063-4804A8C05A49,255000,2024-06-13,UB3 1FP,F,,F,7,GRAMOPHONE LANE,A
25E9DA81-2093-555E-E063-4704A8C066F2,415000,2024-06-17,UB3 5HT,S,,F,79,ETON ROAD,A
25E9DA80-5519-555E-E063-4704A8C066F2,210000,2024-06-19,UB3 3PF,F,,F,81,ABBOTSWOOD WAY,A
1EAE3DF6-2120-9EB1-E063-4704A8C09D02,585000,2024-06-19,UB3 2GE,T,,F,14,GREENFIELD PLACE,A
2859C1AB-736E-52B4-E063-4804A8C05948,320000,2024-06-19,UB3 2JZ,F,,F,2,BUTCHERS MEWS,A
2859C1AC-35A2-52B4-E063-4804A8C05948,525000,2024-06-20,UB3 2AY,S,,F,20,COMPTON ROAD,A
25E9DA81-2004-555E-E063-4704A8C066F2,420000,2024-06-21,UB3 1LA,T,,F,4,PRINCES PARK PARADE,A
25E9DA81-E493-555E-E063-4704A8C066F2,508000,2024-06-21,UB3 4AG,S,,F,14,RUTLAND ROAD,B
25E9DA80-55A0-555E-E063-4704A8C066F2,308000,2024-06-24,UB3 2FJ,F,,F,"SEVERUS HOUSE, 155",VARCOE GARDENS,A
1EAE3DF6-C4D3-9EB1-E063-4704A8C09D02,602000,2024-06-24,UB3 2NG,S,,F,11,LANNOCK ROAD,A
2D4D7608-8F59-BDF9-E063-4804A8C0672F,300000,2024-06-26,UB3 2FH,F,,F,"SPA HOUSE, 48",VARCOE GARDENS,A
1EAE3DF6-C440-9EB1-E063-4704A8C09D02,460000,2024-06-26,UB3 5NE,S,,F,1,CROFT CLOSE,A
2D4D7608-941F-BDF9-E063-4804A8C0672F,270000,2024-06-27,UB3 1FN,F,,F,14,POWERHOUSE LANE,A
1EAE3DF7-6987-9EB1-E063-4704A8C09D02,405000,2024-06-28,UB3 2QH,T,,F,19,CRANMER ROAD,B
2131FCF5-A608-86E8-E063-4804A8C0372B,557500,2024-06-28,UB3 3EQ,S,,F,185,COLDHARBOUR LANE,A
2F7F2B42-A290-E08F-E063-4804A8C05A49,260000,2024-06-28,UB3 1FN,F,,F,14,POWERHOUSE LANE,A
2D4D7608-9426-BDF9-E063-4804A8C0672F,320000,2024-06-28,UB3 1FP,F,,F,7,GRAMOPHONE LANE,A
25E9DA80-5523-555E-E063-4704A8C066F2,315000,2024-07-01,UB3 2LG,T,,F,227,CHURCH ROAD,A
2859C1AC-D672-52B4-E063-4804A8C05948,260000,2024-07-02,UB3 2SG,F,,F,83A,WOOD END GREEN ROAD,B
25E9DA81-C074-555E-E063-4704A8C066F2,230000,2024-07-03,UB3 5FD,F,,F,"CIRCA APARTMENTS, 5",NOBEL DRIVE,B
2D4D7609-C4F3-BDF9-E063-4804A8C0672F,6000000,2024-07-04,UB3 1SR,O,,F,"WELLINGTON HOUSE, 1",BETAM ROAD,B
2D4D7609-E484-BDF9-E063-4804A8C0672F,400000,2024-07-04,UB3 4RD,T,,F,42,CARFAX ROAD,B
34222873-0E4D-4D2B-E063-4704A8C07853,575000,2024-07-04,UB3 2BW,S,,F,51,CENTRAL AVENUE,B
2F7F2B43-3EB6-E08F-E063-4804A8C05A49,525000,2024-07-05,UB3 1NE,S,,F,102,DAWLEY ROAD,A
237B17FE-C10E-22AC-E063-4804A8C0EA3A,360000,2024-07-05,UB3 3PQ,T,,F,116,ABBOTSWOOD WAY,B
1EAE3DF7-6AF9-9EB1-E063-4704A8C09D02,165000,2024-07-08,UB3 5NB,F,,F,102,THE CRESCENT,B
237B17FE-3A5E-22AC-E063-4804A8C0EA3A,460000,2024-07-08,UB3 4JH,S,,F,40,MONMOUTH ROAD,A
1EAE3DF6-1FE7-9EB1-E063-4704A8C09D02,139000,2024-07-08,UB3 3PQ,F,,F,90,ABBOTSWOOD WAY,A
2D4D7608-9424-BDF9-E063-4804A8C0672F,238500,2024-07-09,UB3 1FP,F,,F,7,GRAMOPHONE LANE,A
2ACACE8C-8549-295E-E063-4804A8C0B0EB,425000,2024-07-12,UB3 1JJ,T,,F,17,LIME GROVE,A
1EAE3DF6-C421-9EB1-E063-4704A8C09D02,485000,2024-07-12,UB3 1EB,T,,F,22,DAWLEY PARADE,A
3DCCB7C9-954E-5B9D-E063-4704A8C0331E,645000,2024-07-12,UB3 2PB,S,,F,123,JUDGE HEATH LANE,A
36A61A95-55F5-DEF2-E063-4704A8C046AE,650000,2024-07-12,UB3 2BZ,S,,F,88,CENTRAL AVENUE,B
2859C1AB-72AF-52B4-E063-4804A8C05948,680000,2024-07-12,UB3 4JH,S,,F,33,MONMOUTH ROAD,A
25E9DA81-E5C1-555E-E063-4704A8C066F2,445000,2024-07-12,UB3 3JD,S,,F,7,HUNTERS GROVE,B
2131FCF5-A63A-86E8-E063-4804A8C0372B,218000,2024-07-15,UB3 2DD,F,,F,34,REID CLOSE,A
2131FCF5-A752-86E8-E063-4804A8C0372B,475000,2024-07-16,UB3 1QN,T,,F,50,BOURNE AVENUE,A
31C68072-5BB0-FEE3-E063-4804A8C04F37,141000,2024-07-16,UB3 2UX,F,,F,92,WILLENHALL DRIVE,A
2D4D7608-942B-BDF9-E063-4804A8C0672F,305000,2024-07-16,UB3 1FP,F,,F,7,GRAMOPHONE LANE,A
2859C1AC-3657-52B4-E063-4804A8C05948,467000,2024-07-18,UB3 1QT,T,,F,160,BOURNE AVENUE,A
3B5CE841-631D-EE3A-E063-4804A8C0D6F1,640000,2024-07-18,UB3 2PB,S,,F,125,JUDGE HEATH LANE,A
25E9DA81-2549-555E-E063-4704A8C066F2,450000,2024-07-19,UB3 3PB,S,,F,65,BIRCHWAY,A
2131FCF6-4617-86E8-E063-4804A8C0372B,375000,2024-07-22,UB3 3PS,T,,F,14,CLIVESDALE DRIVE,A
2ACACE8D-0E42-295E-E063-4804A8C0B0EB,485000,2024-07-23,UB3 4AJ,S,,F,6,WAVERLEY CLOSE,A
3DCCB7CA-A490-5B9D-E063-4704A8C0331E,20000,2024-07-24,UB3 2PS,O,,F,93,CROMWELL ROAD,B
3DCCB7CA-C484-5B9D-E063-4704A8C0331E,540000,2024-07-24,UB3 2PS,S,,F,93,CROMWELL ROAD,B
2ACACE8D-9530-295E-E063-4804A8C0B0EB,490000,2024-07-25,UB3 2NT,T,,F,3,SYCAMORE AVENUE,B
2859C1AC-3C33-52B4-E063-4804A8C05948,285000,2024-07-25,UB3 2AZ,F,,F,76,COMPTON ROAD,A
2859C1AC-360C-52B4-E063-4804A8C05948,540000,2024-07-26,UB3 2NJ,S,,F,83,FREEMANS LANE,A
237B17FE-E082-22AC-E063-4804A8C0EA3A,570000,2024-07-26,UB3 1TG,S,,F,18,COLBROOK AVENUE,B
2F7F2B42-A26A-E08F-E063-4804A8C05A49,250000,2024-07-26,UB3 1FN,F,,F,14,POWERHOUSE LANE,A
2F7F2B42-A269-E08F-E063-4804A8C05A49,260000,2024-07-26,UB3 1FP,F,,F,7,GRAMOPHONE LANE,A
34222873-2D3A-4D2B-E063-4704A8C07853,373000,2024-07-26,UB3 5HA,T,,F,36,CRANFORD LANE,B
2131FCF6-44A6-86E8-E063-4804A8C0372B,410000,2024-07-26,UB3 4EZ,T,,F,16,CLEAVE AVENUE,A
3DCCB7CA-A4A2-5B9D-E063-4704A8C0331E,38350000,2024-07-26,UB3 4AZ,O,,F,11,MILLINGTON ROAD,B
2131FCF6-418D-86E8-E063-4804A8C0372B,580000,2024-07-26,UB3 4QX,T,,F,1A,ROSEVILLE ROAD,A
237B17FE-3FB1-22AC-E063-4804A8C0EA3A,333000,2024-07-26,UB3 3PY,S,,F,25,GADE CLOSE,A
2131FCF6-4598-86E8-E063-4804A8C0372B,513000,2024-07-30,UB3 5HD,S,,F,368,CRANFORD LANE,A
2859C1AC-D68E-52B4-E063-4804A8C05948,283000,2024-07-30,UB3 4NA,F,,F,ASA COURT,OLD STATION ROAD,B
402A3A65-77BA-A7DF-E063-4804A8C0B80D,260000,2024-07-31,UB3 1FN,F,,F,14,POWERHOUSE LANE,A
38EDC0C3-2508-0F63-E063-4704A8C00424,475000,2024-07-31,UB3 4LW,T,,F,2,FULLER WAY,A
2F7F2B42-A27B-E08F-E063-4804A8C05A49,255000,2024-07-31,UB3 1FP,F,,F,7,GRAMOPHONE LANE,A
2F7F2B42-A27A-E08F-E063-4804A8C05A49,250000,2024-07-31,UB3 1FN,F,,F,14,POWERHOUSE LANE,A
2F7F2B42-A277-E08F-E063-4804A8C05A49,245000,2024-07-31,UB3 1FP,F,,F,7,GRAMOPHONE LANE,A
2F7F2B42-A276-E08F-E063-4804A8C05A49,260000,2024-07-31,UB3 1FN,F,,F,14,POWERHOUSE LANE,A
2D4D7609-39D0-BDF9-E063-4804A8C0672F,525000,2024-08-02,UB3 4JE,T,,F,297,STATION ROAD,B
2859C1AC-370D-52B4-E063-4804A8C05948,460000,2024-08-05,UB3 4AQ,S,,F,11,OAKINGTON AVENUE,A
38EDC0C3-AE73-0F63-E063-4704A8C00424,456000,2024-08-05,UB3 5HF,T,,F,20,SHORTLANDS,B
2131FCF6-DE02-86E8-E063-4804A8C0372B,900000,2024-08-05,UB3 2LS,S,,F,178,CHURCH ROAD,B
237B17FE-E123-22AC-E063-4804A8C0EA3A,900000,2024-08-05,UB3 2LS,S,,F,178,CHURCH ROAD,B
2131FCF6-4180-86E8-E063-4804A8C0372B,375000,2024-08-06,UB3 5JA,T,,F,19,MALVERN ROAD,A
36A61A94-CCEC-DEF2-E063-4704A8C046AE,490000,2024-08-07,UB3 3PD,S,,F,101,BIRCHWAY,A
2F7F2B42-A28E-E08F-E063-4804A8C05A49,275000,2024-08-08,UB3 1FN,F,,F,14,POWERHOUSE LANE,A
2131FCF5-A652-86E8-E063-4804A8C0372B,190000,2024-08-08,UB3 4BN,F,,F,22,COPTHORNE MEWS,A
237B17FE-3EA2-22AC-E063-4804A8C0EA3A,235000,2024-08-09,UB3 3JA,S,,F,24,FAIRDALE GARDENS,A
237B17FE-E091-22AC-E063-4804A8C0EA3A,90000,2024-08-12,UB3 4QA,F,,F,10,NESTLES AVENUE,B
2131FCF6-4625-86E8-E063-4804A8C0372B,330000,2024-08-13,UB3 3PY,S,,F,56,GADE CLOSE,A
2131FCF6-BE8F-86E8-E063-4804A8C0372B,90000,2024-08-14,UB3 1LY,F,,F,ELM VIEW HOUSE,SHEPISTON LANE,B
2131FCF6-DD06-86E8-E063-4804A8C0372B,415000,2024-08-14,UB3 1QT,T,,F,165,BOURNE AVENUE,B
237B17FD-93CA-22AC-E063-4804A8C0EA3A,200000,2024-08-14,UB3 3PX,F,,F,7,CLIVESDALE DRIVE,A
2131FCF5-A842-86E8-E063-4804A8C0372B,520000,2024-08-15,UB3 3FA,T,,F,19,GLENISTER GARDENS,A
237B17FE-3A70-22AC-E063-4804A8C0EA3A,567000,2024-08-15,UB3 3AR,S,,F,2,HAMILTON ROAD,A
2131FCF6-40EB-86E8-E063-4804A8C0372B,541000,2024-08-16,UB3 1SD,S,,F,69,ST ANSELMS ROAD,A
2131FCF5-A777-86E8-E063-4804A8C0372B,517000,2024-08-16,UB3 1JW,T,,F,38,BEECHWOOD AVENUE,A
2131FCF5-AAA0-86E8-E063-4804A8C0372B,305000,2024-08-20,UB3 4GE,F,,F,"FORASTERO HOUSE, 24",FARINE AVENUE,A
237B17FE-39E9-22AC-E063-4804A8C0EA3A,510000,2024-08-20,UB3 4JE,S,,F,275,STATION ROAD,A
38EDC0C3-907D-0F63-E063-4704A8C00424,1350000,2024-08-20,UB3 3EP,D,,F,52,COLDHARBOUR LANE,B
3B5CE842-7E00-EE3A-E063-4804A8C0D6F1,610000,2024-08-22,UB3 2PB,D,,F,121,JUDGE HEATH LANE,B
237B17FD-94AF-22AC-E063-4804A8C0EA3A,520000,2024-08-23,UB3 2JE,T,,F,12,NORTH AVENUE,A
2F7F2B43-3FE3-E08F-E063-4804A8C05A49,480000,2024-08-23,UB3 4QY,S,,F,59,ROSEVILLE ROAD,A
2F7F2B43-43CF-E08F-E063-4804A8C05A49,220000,2024-08-23,UB3 5JD,F,,F,39,WINDSOR PARK ROAD,A
237B17FE-3F78-22AC-E063-4804A8C0EA3A,420000,2024-08-23,UB3 3JD,T,,F,19,HUNTERS GROVE,A
2F7F2B43-3F49-E08F-E063-4804A8C05A49,300000,2024-08-23,UB3 4PH,S,,F,33,WYRE GROVE,A
237B17FE-3EF7-22AC-E063-4804A8C0EA3A,460000,2024-08-23,UB3 1PD,S,,F,1E,PINKWELL LANE,A
2D4D7609-39E3-BDF9-E063-4804A8C0672F,535000,2024-08-23,UB3 1TB,S,,F,57,WALTHAM AVENUE,A
4777E0AE-4A3B-5D59-E063-4804A8C09F8E,260000,2024-08-23,UB3 1FN,F,,F,14,POWERHOUSE LANE,A
38EDC0C2-9577-0F63-E063-4704A8C00424,305000,2024-08-27,UB3 2NF,F,,F,9,FULWOOD CLOSE,A
36A61A95-3872-DEF2-E063-4704A8C046AE,737000,2024-08-27,UB3 2EE,T,,F,30,GLEBE ROAD,B
34222873-2C0D-4D2B-E063-4704A8C07853,675000,2024-08-28,UB3 1TW,S,,F,47,MILDRED AVENUE,B
2D4D7609-3A3B-BDF9-E063-4804A8C0672F,535000,2024-08-28,UB3 2TJ,S,,F,56,HANOVER CIRCLE,A
237B17FE-3B3F-22AC-E063-4804A8C0EA3A,535000,2024-08-28,UB3 4QG,T,,F,188,NESTLES AVENUE,A
237B17FE-399D-22AC-E063-4804A8C0EA3A,617500,2024-08-29,UB3 1QA,S,,F,13,GLAMIS CRESCENT,A
2F7F2B42-A299-E08F-E063-4804A8C05A49,320000,2024-08-29,UB3 1FP,F,,F,7,GRAMOPHONE LANE,A
2F7F2B42-A297-E08F-E063-4804A8C05A49,270000,2024-08-30,UB3 1FN,F,,F,14,POWERHOUSE LANE,A
402A3A65-7390-A7DF-E063-4804A8C0B80D,213000,2024-08-30,UB3 5BH,F,,F,106,BOLTONS LANE,A
2F7F2B42-A2A2-E08F-E063-4804A8C05A49,324950,2024-08-30,UB3 1FP,F,,F,7,GRAMOPHONE LANE,A
237B17FE-3B29-22AC-E063-4804A8C0EA3A,335000,2024-08-30,UB3 4JB,S,,F,211,STATION ROAD,A
237B17FE-3B7F-22AC-E063-4804A8C0EA3A,406290,2024-08-30,UB3 1RD,T,,F,29,CLEVEDON GARDENS,A
237B17FE-C103-22AC-E063-4804A8C0EA3A,257000,2024-08-30,UB3 2BQ,F,,F,53,EVERGREEN WAY,B
2D4D7608-8F32-BDF9-E063-4804A8C0672F,440000,2024-08-30,UB3 1QY,T,,F,5,WINDSOR GARDENS,A
38EDC0C2-9536-0F63-E063-4704A8C00424,248000,2024-08-30,UB3 2BH,F,,F,111,EVERGREEN WAY,A
237B17FE-E1F0-22AC-E063-4804A8C0EA3A,540000,2024-09-02,UB3 1SF,O,,F,26A,NIELD ROAD,B
402A3A66-ACC1-A7DF-E063-4804A8C0B80D,18500,2024-09-02,UB3 3HF,O,,F,12 - 12A,BROADWAY PARADE,B
42C129E5-8FF1-60A9-E063-4804A8C0C25D,500000,2024-09-03,UB3 4QX,S,,F,8,ROSEVILLE ROAD,B
237B17FE-C11E-22AC-E063-4804A8C0EA3A,180000,2024-09-04,UB3 4FP,F,,F,"TRIDENT HOUSE, 76",STATION ROAD,B
237B17FE-3F6F-22AC-E063-4804A8C0EA3A,380000,2024-09-04,UB3 5HQ,T,,F,107,SAUNTON AVENUE,A
237B17FE-3F80-22AC-E063-4804A8C0EA3A,635000,2024-09-10,UB3 1JP,T,,F,58,BEECHWOOD AVENUE,A
25E9DA80-59B1-555E-E063-4704A8C066F2,525000,2024-09-11,UB3 3FJ,F,,F,"MORTISE HOUSE, 1",CHAILEY PLACE,A
2D4D7609-3F88-BDF9-E063-4804A8C0672F,507000,2024-09-11,UB3 1JG,T,,F,45,CHESTNUT CLOSE,A
2859C1AC-D622-52B4-E063-4804A8C05948,300000,2024-09-11,UB3 4FA,F,,F,VANTAGE BUILDING,STATION APPROACH,B
2859C1AC-3604-52B4-E063-4804A8C05948,585000,2024-09-11,UB3 2AX,S,,F,63,MORAY AVENUE,A
2F7F2B43-DB27-E08F-E063-4804A8C05A49,464000,2024-09-11,UB3 1LW,S,,F,32,SHEPISTON LANE,B
25E9DA80-563D-555E-E063-4704A8C066F2,250000,2024-09-12,UB3 2FT,F,,F,"SOPWITH HOUSE, 12",ALBACORE WAY,A
3B5CE842-9E67-EE3A-E063-4804A8C0D6F1,480000,2024-09-12,UB3 1RJ,T,,F,12,SNOWDON CRESCENT,B
237B17FE-3FA9-22AC-E063-4804A8C0EA3A,465000,2024-09-13,UB3 2UT,T,,F,8,WILLENHALL DRIVE,A
2F7F2B43-DACB-E08F-E063-4804A8C05A49,700000,2024-09-16,UB3 1LU,D,,F,37,DAWLEY ROAD,B
2D4D7609-3AE6-BDF9-E063-4804A8C0672F,575000,2024-09-16,UB3 1TL,S,,F,4,MILDRED AVENUE,A
2F7F2B42-A2B4-E08F-E063-4804A8C05A49,260000,2024-09-16,UB3 1FP,F,,F,7,GRAMOPHONE LANE,A
36A61A95-55EE-DEF2-E063-4704A8C046AE,600000,2024-09-18,UB3 3JD,S,,F,17,HUNTERS GROVE,B
2F7F2B43-42DB-E08F-E063-4804A8C05A49,460000,2024-09-18,UB3 2QG,S,,F,104,TUDOR ROAD,A
25E9DA81-E5DC-555E-E063-4704A8C066F2,320000,2024-09-19,UB3 2PJ,F,,F,29,ST JEROMES GROVE,B
2D4D7609-39E1-BDF9-E063-4804A8C0672F,585000,2024-09-19,UB3 3AH,S,,F,38,STIRLING ROAD,A
4777E0AF-9A92-5D59-E063-4804A8C09F8E,30000000,2024-09-20,UB3 1AX,O,,F,UNIT B3,CLAYTON ROAD,B
44F406B6-11D0-1095-E063-4704A8C048D4,531000,2024-09-20,UB3 2FJ,T,,F,113,VARCOE GARDENS,A
25E9DA81-E4B2-555E-E063-4704A8C066F2,737500,2024-09-20,UB3 2PS,S,,F,95,CROMWELL ROAD,B
25E9DA81-23C5-555E-E063-4704A8C066F2,385000,2024-09-20,UB3 1NJ,S,,F,4,WOODHOUSE CLOSE,A
25E9DA81-C058-555E-E063-4704A8C066F2,145000,2024-09-23,UB3 5AR,F,,F,4,MONDIAL WAY,B
237B17FE-E174-22AC-E063-4804A8C0EA3A,375000,2024-09-23,UB3 1QE,S,,F,3,DENBIGH DRIVE,B
2F7F2B42-9E72-E08F-E063-4804A8C05A49,320000,2024-09-24,UB3 4BQ,F,,F,VANTAGE BUILDING,STATION APPROACH,A
2D4D7609-3AF3-BDF9-E063-4804A8C0672F,560000,2024-09-27,UB3 3BT,S,,F,20,LITTLE ROAD,A
25E9DA81-1FE3-555E-E063-4704A8C066F2,520000,2024-09-27,UB3 1TH,S,,F,12,COLBROOK CLOSE,A
3B5CE842-9E4D-EE3A-E063-4804A8C0D6F1,492000,2024-09-27,UB3 1QL,T,,F,23,BOURNE AVENUE,B
402A3A66-261C-A7DF-E063-4804A8C0B80D,400000,2024-09-27,UB3 2JG,T,,F,9,HEMMEN LANE,A
2F7F2B43-3F2E-E08F-E063-4804A8C05A49,680000,2024-09-27,UB3 4PQ,D,,F,24,WYRE GROVE,A
25E9DA81-C082-555E-E063-4704A8C066F2,317000,2024-09-27,UB3 2BE,O,,F,89,BOTWELL CRESCENT,B
25E9DA81-23A7-555E-E063-4704A8C066F2,517500,2024-09-27,UB3 5LR,S,,F,9,CHEVIOT CLOSE,A
34222871-EC5B-4D2B-E063-4704A8C07853,388550,2024-09-28,UB3 4GE,F,,F,"FORASTERO HOUSE, 24",FARINE AVENUE,A
2859C1AC-FC3E-52B4-E063-4804A8C05948,498500,2024-09-30,UB3 1BY,T,,F,39,BLYTH ROAD,B
31C68071-B29A-FEE3-E063-4804A8C04F37,300000,2024-09-30,UB3 1FP,F,,F,7,GRAMOPHONE LANE,A
402A3A66-219F-A7DF-E063-4804A8C0B80D,459950,2024-09-30,UB3 1NG,S,,F,21,PINKWELL AVENUE,A
31C68071-B29B-FEE3-E063-4804A8C04F37,308000,2024-09-30,UB3 1FP,F,,F,7,GRAMOPHONE LANE,A
3B5CE842-9D7F-EE3A-E063-4804A8C0D6F1,503500,2024-09-30,UB3 1NQ,S,,F,31,PINKWELL AVENUE,B
402A3A66-ACA4-A7DF-E063-4804A8C0B80D,50000,2024-10-01,UB3 4DA,O,,F,16,STATION ROAD,B
3DCCB7C9-9286-5B9D-E063-4704A8C0331E,230000,2024-10-02,UB3 2FJ,F,,F,"CENTURION HOUSE, 99",VARCOE GARDENS,A
402A3A65-767E-A7DF-E063-4804A8C0B80D,325000,2024-10-02,UB3 5HF,F,,F,36,SHORTLANDS,A
2D4D7609-E483-BDF9-E063-4804A8C0672F,450000,2024-10-02,UB3 1DB,T,,F,85,BLYTH ROAD,B
42C129E4-2838-60A9-E063-4804A8C0C25D,300000,2024-10-02,UB3 4NL,F,,F,29,NORTH HYDE ROAD,A
3DCCB7CA-C42B-5B9D-E063-4704A8C0331E,580000,2024-10-04,UB3 1TG,S,,F,6,COLBROOK AVENUE,B
44F406B6-11EE-1095-E063-4704A8C048D4,542000,2024-10-04,UB3 2FJ,T,,F,121,VARCOE GARDENS,A
44F406B7-435C-1095-E063-4704A8C048D4,3750000,2024-10-04,UB3 5BQ,O,,F,77 - 79,NEW ROAD,B
402A3A66-CD79-A7DF-E063-4804A8C0B80D,630000,2024-10-07,UB3 1ND,S,,F,74,DAWLEY ROAD,B
2859C1AB-7426-52B4-E063-4804A8C05948,435000,2024-10-08,UB3 4FS,F,,F,"LAURINA APARTMENTS, 10",CARNATION GARDENS,A
25E9DA81-BFFC-555E-E063-4704A8C066F2,280000,2024-10-09,UB3 2DD,F,,F,8,REID CLOSE,B
402A3A66-ACAC-A7DF-E063-4804A8C0B80D,2900000,2024-10-09,UB3 2SA,O,,F,BARRA HALL,WOOD END GREEN ROAD,B
36A61A94-3F11-DEF2-E063-4704A8C046AE,145000,2024-10-09,UB3 2UX,F,,F,91,WILLENHALL DRIVE,A
2F7F2B42-9DC1-E08F-E063-4804A8C05A49,520000,2024-10-10,UB3 1QE,S,,F,12,DENBIGH DRIVE,A
3DCCB7CA-C44D-5B9D-E063-4704A8C0331E,465000,2024-10-10,UB3 5AL,S,,F,84,BATH ROAD,B
25E9DA81-1F3A-555E-E063-4704A8C066F2,440000,2024-10-11,UB3 2QJ,T,,F,47,CRANMER ROAD,A
2859C1AC-D66A-52B4-E063-4804A8C05948,145000,2024-10-14,UB3 5AR,F,,F,4,MONDIAL WAY,B
402A3A65-733C-A7DF-E063-4804A8C0B80D,236000,2024-10-14,UB3 2SU,F,,F,46,ROSSLYN CLOSE,A
402A3A66-ACB5-A7DF-E063-4804A8C0B80D,275000,2024-10-16,UB3 5DY,T,,F,17,BRICKFIELD LANE,B
402A3A66-ACB4-A7DF-E063-4804A8C0B80D,285000,2024-10-16,UB3 5DY,T,,F,16,BRICKFIELD LANE,B
402A3A66-ACB1-A7DF-E063-4804A8C0B80D,310500,2024-10-17,UB3 5DY,T,,F,14,BRICKFIELD LANE,B
2ACACE8D-1196-295E-E063-4804A8C0B0EB,499000,2024-10-18,UB3 2NN,T,,F,21,LYCH GATE WALK,A
2859C1AC-3C32-52B4-E063-4804A8C05948,403750,2024-10-18,UB3 3PB,S,,F,52,BIRCHWAY,A
2859C1AC-3BA0-52B4-E063-4804A8C05948,400000,2024-10-18,UB3 2PR,T,,F,39,CROMWELL ROAD,A
2859C1AC-D611-52B4-E063-4804A8C05948,570000,2024-10-18,UB3 2BY,S,,F,44,CENTRAL AVENUE,B
2859C1AB-716A-52B4-E063-4804A8C05948,500000,2024-10-18,UB3 1JD,S,,F,104,BOTWELL COMMON ROAD,A
2F7F2B43-4281-E08F-E063-4804A8C05A49,540000,2024-10-21,UB3 5LW,S,,F,86,PENNINE WAY,A
2859C1AC-D669-52B4-E063-4804A8C05948,120000,2024-10-22,UB3 5AR,F,,F,4,MONDIAL WAY,B
2859C1AC-36DA-52B4-E063-4804A8C05948,700000,2024-10-22,UB3 4RB,S,,F,19,CARFAX ROAD,A
25E9DA81-20FD-555E-E063-4704A8C066F2,440000,2024-10-23,UB3 2RE,S,,F,1,SOUTH WALK,A
42C129E5-90D1-60A9-E063-4804A8C0C25D,500000,2024-10-24,UB3 5DQ,S,,F,329,HIGH STREET,B
2859C1AC-36A3-52B4-E063-4804A8C05948,540000,2024-10-24,UB3 2RD,S,,F,5,MIDDLETON ROAD,A
3DCCB7CA-A432-5B9D-E063-4704A8C0331E,185000,2024-10-24,UB3 3PY,F,,F,17,GADE CLOSE,B
25E9DA80-57DA-555E-E063-4704A8C066F2,500000,2024-10-25,UB3 1JG,S,,F,55,CHESTNUT CLOSE,A
36A61A95-54D5-DEF2-E063-4704A8C046AE,420000,2024-10-25,UB3 2QA,T,,F,7,TUDOR ROAD,B
2F7F2B43-DBC7-E08F-E063-4804A8C05A49,357000,2024-10-25,UB3 1RB,O,,F,40,BURNHAM GARDENS,B
2F7F2B43-DAD1-E08F-E063-4804A8C05A49,785000,2024-10-25,UB3 4HR,O,,F,ALBERT HALL,ALBERT ROAD,B
25E9DA80-577B-555E-E063-4704A8C066F2,425000,2024-10-25,UB3 1PJ,S,,F,59,PINKWELL LANE,A
2859C1AC-FD84-52B4-E063-4804A8C05948,555000,2024-10-25,UB3 2NS,T,,F,47,BARRA HALL ROAD,B
2859C1AC-D5FC-52B4-E063-4804A8C05948,320000,2024-10-29,UB3 5LR,S,,F,15,CHEVIOT CLOSE,B
2859C1AC-3606-52B4-E063-4804A8C05948,425000,2024-10-29,UB3 1JT,S,,F,18,PRINCES PARK LANE,A
2ACACE8D-953F-295E-E063-4804A8C0B0EB,535000,2024-10-30,UB3 1SB,O,,F,10,ST ANSELMS ROAD,B
2ACACE8D-945C-295E-E063-4804A8C0B0EB,530000,2024-10-30,UB3 3BT,O,,F,2,LITTLE ROAD,B
2ACACE8D-947E-295E-E063-4804A8C0B0EB,560000,2024-10-30,UB3 2TG,O,,F,89,BISHOPS ROAD,B
2859C1AB-7331-52B4-E063-4804A8C05948,505000,2024-10-31,UB3 2BY,T,,F,36,CENTRAL AVENUE,A
31C68071-B2AB-FEE3-E063-4804A8C04F37,340000,2024-10-31,UB3 1FP,F,,F,7,GRAMOPHONE LANE,A
2859C1AC-FC1C-52B4-E063-4804A8C05948,595000,2024-11-01,UB3 5HZ,S,,F,27,WINDSOR PARK ROAD,B
2859C1AC-3BA2-52B4-E063-4804A8C05948,557000,2024-11-01,UB3 2EA,T,,F,13,GLEBE ROAD,A
2859C1AC-FC0C-52B4-E063-4804A8C05948,700000,2024-11-01,UB3 1QB,T,,F,36,GLAMIS CRESCENT,B
2ACACE8C-857E-295E-E063-4804A8C0B0EB,214950,2024-11-04,UB3 5AF,F,,F,16,CAROLINE PLACE,A
2ACACE8D-958E-295E-E063-4804A8C0B0EB,410000,2024-11-05,UB3 5EQ,T,,F,60,MANOR LANE,B
2D4D7609-E4C2-BDF9-E063-4804A8C0672F,465000,2024-11-06,UB3 2QD,T,,F,46,TUDOR ROAD,B
31C68071-AE9D-FEE3-E063-4804A8C04F37,297000,2024-11-07,UB3 2AF,F,,F,112,BOTWELL LANE,A
2859C1AB-7305-52B4-E063-4804A8C05948,495000,2024-11-07,UB3 2TR,S,,F,139,YORK AVENUE,A
2859C1AB-71C6-52B4-E063-4804A8C05948,585000,2024-11-07,UB3 2FY,T,,F,3,MONARCH DRIVE,A
2ACACE8D-7C7B-295E-E063-4804A8C0B0EB,269000,2024-11-08,UB3 1QY,F,,F,18,WINDSOR GARDENS,B
2ACACE8D-946B-295E-E063-4804A8C0B0EB,615000,2024-11-08,UB3 3LJ,S,,F,32,MOUNT ROAD,B
2859C1AC-FD7C-52B4-E063-4804A8C05948,300000,2024-11-08,UB3 5BQ,T,,F,53,NEW ROAD,B
34222872-8C80-4D2B-E063-4704A8C07853,355000,2024-11-08,UB3 2NL,T,,F,2,BELL HOUSE COTTAGES,A
2ACACE8D-0E57-295E-E063-4804A8C0B0EB,485000,2024-11-14,UB3 2PP,S,,F,20,CROMWELL ROAD,A
2859C1AB-717E-52B4-E063-4804A8C05948,520000,2024-11-14,UB3 2FE,T,,F,10,DIVINE WAY,A
3B5CE842-7D7E-EE3A-E063-4804A8C0D6F1,400000,2024-11-19,UB3 4FL,O,,F,HIGHPOINT VILLAGE,STATION APPROACH,B
44F406B7-2133-1095-E063-4704A8C048D4,925000,2024-11-19,UB3 3NP,O,,F,REGENT BUSINESS CENTRE,PUMP LANE,B
4777E0AE-4A39-5D59-E063-4804A8C09F8E,295000,2024-11-21,UB3 1FP,F,,F,7,GRAMOPHONE LANE,A
38EDC0C3-9094-0F63-E063-4704A8C00424,205000,2024-11-22,UB3 2FH,F,,F,"TITUS LODGE, 44",VARCOE GARDENS,B
2ACACE8D-0EB7-295E-E063-4804A8C0B0EB,537500,2024-11-22,UB3 1NP,S,,F,113,WENTWORTH CRESCENT,A
2859C1AB-70C0-52B4-E063-4804A8C05948,510000,2024-11-22,UB3 2TB,S,,F,30,BISHOPS ROAD,A
2ACACE8C-85E7-295E-E063-4804A8C0B0EB,211050,2024-11-22,UB3 2FJ,F,,F,"CENTURION HOUSE, 99",VARCOE GARDENS,A
34222871-E954-4D2B-E063-4704A8C07853,340000,2024-11-22,UB3 1DZ,F,,F,"BOILER HOUSE, 2",MATERIAL WALK,A
34222872-8D07-4D2B-E063-4704A8C07853,550000,2024-11-25,UB3 4AG,S,,F,19,RUTLAND ROAD,A
2ACACE8D-1223-295E-E063-4804A8C0B0EB,430000,2024-11-25,UB3 2UU,T,,F,41,WILLENHALL DRIVE,A
31C68072-DE99-FEE3-E063-4804A8C04F37,230000,2024-11-26,UB3 5NB,O,,F,66,THE CRESCENT,B
42C129E4-DF7F-60A9-E063-4804A8C0C25D,350052,2024-11-26,UB3 3PY,T,,F,52,GADE CLOSE,A
2ACACE8D-7B11-295E-E063-4804A8C0B0EB,445000,2024-11-26,UB3 2LW,F,,F,140,CHURCH ROAD,B
3B5CE841-FF5B-EE3A-E063-4804A8C0D6F1,515000,2024-11-27,UB3 1JY,S,,F,71,PRINCES PARK LANE,A
2ACACE8D-122A-295E-E063-4804A8C0B0EB,550000,2024-11-27,UB3 2EA,T,,F,17,GLEBE ROAD,A
2F7F2B42-A09D-E08F-E063-4804A8C05A49,410000,2024-11-29,UB3 3PJ,S,,F,37,ABBEY CLOSE,A
42C129E5-8FF3-60A9-E063-4804A8C0C25D,580000,2024-11-29,UB3 5DP,S,,F,162,HIGH STREET,B
36A61A94-CC2B-DEF2-E063-4704A8C046AE,334000,2024-11-29,UB3 1EQ,S,,F,UK COTTAGES,DAWLEY ROAD,A
34222872-917A-4D2B-E063-4704A8C07853,315000,2024-11-29,UB3 3PX,T,,F,29,CLIVESDALE DRIVE,A
2ACACE8C-85A1-295E-E063-4804A8C0B0EB,515000,2024-12-02,UB3 1SW,S,,F,37,NINE ACRES CLOSE,A
31C68072-574A-FEE3-E063-4804A8C04F37,525000,2024-12-02,UB3 5HH,S,,F,23,PENDELL AVENUE,B
36A61A95-55CE-DEF2-E063-4704A8C046AE,11500000,2024-12-04,UB3 1HJ,O,,F,DAWLEY PARK,KESTREL WAY,B
402A3A66-AC2D-A7DF-E063-4804A8C0B80D,440000,2024-12-04,UB3 4FS,F,,F,"LAURINA APARTMENTS, 10",CARNATION GARDENS,B
2D4D7609-C509-BDF9-E063-4804A8C0672F,515000,2024-12-05,UB3 2FN,T,,F,14,HAMBLE DRIVE,B
2ACACE8D-11A8-295E-E063-4804A8C0B0EB,465000,2024-12-06,UB3 5BN,S,,F,3,BROWNGRAVES ROAD,A
44F406B7-1FFE-1095-E063-4704A8C048D4,295000,2024-12-06,UB3 5HY,F,,F,"VANTAGE COURT, 37",OXFORD AVENUE,B
42C129E5-9221-60A9-E063-4804A8C0C25D,165000,2024-12-06,UB3 2AT,F,,F,36,FORRIS AVENUE,B
36A61A94-3C1B-DEF2-E063-4704A8C046AE,300000,2024-12-09,UB3 2DD,F,,F,10,REID CLOSE,A
2ACACE8D-1228-295E-E063-4804A8C0B0EB,460000,2024-12-11,UB3 2NN,T,,F,11,LYCH GATE WALK,A
36A61A95-3859-DEF2-E063-4704A8C046AE,380000,2024-12-11,UB3 2FF,T,,F,38,VARCOE GARDENS,B
42C129E5-688E-60A9-E063-4804A8C0C25D,285000,2024-12-12,UB3 5LT,F,,F,22,WEST END LANE,B
2D4D7609-E558-BDF9-E063-4804A8C0672F,446000,2024-12-12,UB3 2QD,T,,F,65,TUDOR ROAD,B
42C129E5-6A55-60A9-E063-4804A8C0C25D,450000,2024-12-13,UB3 1QZ,T,,F,33,MARLOW GARDENS,B
2ACACE8C-89C4-295E-E063-4804A8C0B0EB,309950,2024-12-13,UB3 5ND,T,,F,16,FIELD CLOSE,A
44F406B7-20B3-1095-E063-4704A8C048D4,260000,2024-12-13,UB3 4NA,F,,F,ASA COURT,OLD STATION ROAD,B
34222873-2D3C-4D2B-E063-4704A8C07853,530000,2024-12-16,UB3 2AN,S,,F,189,BOTWELL LANE,B
2F7F2B43-3EE7-E08F-E063-4804A8C05A49,465000,2024-12-17,UB3 2RJ,T,,F,7,WOOD END,A
44F406B7-4485-1095-E063-4704A8C048D4,460000,2024-12-17,UB3 3PD,S,,F,100,BIRCHWAY,B
44F406B7-1FDE-1095-E063-4704A8C048D4,310000,2024-12-17,UB3 4EP,F,,F,LISTER HOUSE,CROYDE AVENUE,B
42C129E5-8FF6-60A9-E063-4804A8C0C25D,355000,2024-12-18,UB3 2QX,D,,F,20,ANGEL LANE,B
31C68072-DE7E-FEE3-E063-4804A8C04F37,198000,2024-12-18,UB3 4FE,F,,F,CARDINAL BUILDING,STATION APPROACH,B
44F406B6-A8F3-1095-E063-4704A8C048D4,510000,2024-12-19,UB3 4AN,S,,F,258,STATION ROAD,A
38EDC0C3-9082-0F63-E063-4704A8C00424,305000,2024-12-20,UB3 5NA,O,,F,44,THE CRESCENT,B
2D4D7609-39A9-BDF9-E063-4804A8C0672F,570000,2024-12-20,UB3 1TD,T,,F,84,WALTHAM AVENUE,A
44F406B6-ACA1-1095-E063-4704A8C048D4,325000,2025-01-06,UB3 5LJ,F,,F,104,PENNINE WAY,A
2D4D7609-3A6D-BDF9-E063-4804A8C0672F,620000,2025-01-06,UB3 1TQ,S,,F,51,COLBROOK AVENUE,B
2F7F2B42-9E1D-E08F-E063-4804A8C05A49,295000,2025-01-08,UB3 5LR,T,,F,22,CHEVIOT CLOSE,A
2F7F2B43-3E7E-E08F-E063-4804A8C05A49,600000,2025-01-13,UB3 4JE,T,,F,271,STATION ROAD,A
44F406B7-20A3-1095-E063-4704A8C048D4,485000,2025-01-14,UB3 1JW,T,,F,54,BEECHWOOD AVENUE,B
402A3A66-AC3F-A7DF-E063-4804A8C0B80D,220000,2025-01-14,UB3 1LX,F,,F,79,DAWLEY ROAD,B
2F7F2B43-430C-E08F-E063-4804A8C05A49,480000,2025-01-14,UB3 5LB,T,,F,12,HALL LANE,A
2F7F2B43-42A2-E08F-E063-4804A8C05A49,375000,2025-01-15,UB3 4HF,T,,F,24,SAVOY AVENUE,A
49E87C32-B6F7-591C-E063-4704A8C00C31,5039999,2025-01-15,UB3 1ET,O,,F,PLOT A SWALLOWFIELD WAY,RIGBY LANE,B
34222873-2D33-4D2B-E063-4704A8C07853,600000,2025-01-16,UB3 3EA,O,,F,15A,COLDHARBOUR LANE,B
38EDC0C3-20BE-0F63-E063-4704A8C00424,550000,2025-01-17,UB3 5HL,T,,F,18,LANGLEY CRESCENT,A
2F7F2B43-DC30-E08F-E063-4804A8C05A49,590000,2025-01-17,UB3 3EF,O,,F,97,COLDHARBOUR LANE,B
38EDC0C3-2158-0F63-E063-4704A8C00424,410000,2025-01-17,UB3 5HH,S,,F,15,PENDELL AVENUE,A
4777E0AF-7678-5D59-E063-4804A8C09F8E,165000,2025-01-22,UB3 4FQ,F,,F,"TRIDENT HOUSE, 76",STATION ROAD,B
31C68072-FD94-FEE3-E063-4804A8C04F37,545000,2025-01-22,UB3 4JW,S,,F,52,CROWLAND AVENUE,B
2F7F2B43-BE60-E08F-E063-4804A8C05A49,455000,2025-01-24,UB3 2UJ,T,,F,15,BARRA WOOD CLOSE,B
2F7F2B42-A086-E08F-E063-4804A8C05A49,520000,2025-01-24,UB3 2TB,T,,F,24,BISHOPS ROAD,A
31C68072-FC9D-FEE3-E063-4804A8C04F37,460000,2025-01-27,UB3 4NQ,S,,F,144,NORTH HYDE ROAD,B
4C1B6740-0884-D8EA-E063-4704A8C0BF7D,3100000,2025-01-29,UB3 5LX,O,,F,98,WEST END LANE,B
2F7F2B43-3E99-E08F-E063-4804A8C05A49,490000,2025-01-29,UB3 1TE,T,,F,120,WALTHAM AVENUE,A
49E87C32-B6D6-591C-E063-4704A8C00C31,2799999,2025-01-30,UB3 1ET,O,,F,PLOT B,RIGBY LANE,B
2F7F2B43-3E3C-E08F-E063-4804A8C05A49,515000,2025-01-31,UB3 1RG,T,,F,25,STORMOUNT DRIVE,A
3B5CE841-FED4-EE3A-E063-4804A8C0D6F1,550000,2025-01-31,UB3 5HS,S,,F,63,ETON ROAD,A
2F7F2B42-9DE7-E08F-E063-4804A8C05A49,280000,2025-01-31,UB3 2DD,F,,F,30,REID CLOSE,A
3B5CE842-9E51-EE3A-E063-4804A8C0D6F1,900000,2025-01-31,UB3 5AH,D,,F,46,BATH ROAD,B
2F7F2B43-DBC6-E08F-E063-4804A8C05A49,450000,2025-01-31,UB3 5HS,S,,F,59,ETON ROAD,B
4777E0AE-4A05-5D59-E063-4804A8C09F8E,453000,2025-01-31,UB3 4SP,F,,F,14,RIBAND WALK,A
44F406B7-21DC-1095-E063-4704A8C048D4,825000,2025-02-03,UB3 3EE,O,,F,71,COLDHARBOUR LANE,B
2F7F2B43-3E34-E08F-E063-4804A8C05A49,272500,2025-02-04,UB3 1NR,S,,F,151,WENTWORTH CRESCENT,A
3B5CE841-FF74-EE3A-E063-4804A8C0D6F1,525000,2025-02-05,UB3 1NG,S,,F,20,PINKWELL AVENUE,A
4777E0AF-9AFB-5D59-E063-4804A8C09F8E,860000,2025-02-05,UB3 2ER,T,,F,2,FIFTH AVENUE,B
3B5CE842-02D7-EE3A-E063-4804A8C0D6F1,295000,2025-02-06,UB3 5LJ,S,,F,106,PENNINE WAY,A
2F7F2B42-9E87-E08F-E063-4804A8C05A49,315000,2025-02-06,UB3 2FH,F,,F,"SPA HOUSE, 48",VARCOE GARDENS,A
3B5CE841-FEE5-EE3A-E063-4804A8C0D6F1,525000,2025-02-07,UB3 4AS,T,,F,14,BUSHEY ROAD,A
3B5CE841-5F80-EE3A-E063-4804A8C0D6F1,542000,2025-02-07,UB3 5EG,D,,F,11,MANOR LANE,A
44F406B7-42DE-1095-E063-4704A8C048D4,1200000,2025-02-10,UB3 3BN,O,,F,BEADLE PRECISION ENGINEERING,SILVERDALE ROAD,B
3B5CE842-0285-EE3A-E063-4804A8C0D6F1,503000,2025-02-10,UB3 2TJ,S,,F,26,HANOVER CIRCLE,A
31C68071-B055-FEE3-E063-4804A8C04F37,450000,2025-02-10,UB3 2HF,S,,F,87,LONGMEAD ROAD,A
402A3A66-2649-A7DF-E063-4804A8C0B80D,620000,2025-02-12,UB3 2DP,S,,F,21,HESA ROAD,A
31C68072-5A81-FEE3-E063-4804A8C04F37,420000,2025-02-12,UB3 2QU,S,,F,6,WAYLANDS,A
3B5CE841-61FB-EE3A-E063-4804A8C0D6F1,229500,2025-02-13,UB3 3PY,F,,F,16,GADE CLOSE,A
38EDC0C3-2172-0F63-E063-4704A8C00424,510000,2025-02-14,UB3 4PA,S,,F,2,HYDE WAY,A
3B5CE842-7D3F-EE3A-E063-4804A8C0D6F1,500000,2025-02-14,UB3 2JL,T,,F,35,RECTORY ROAD,B
2F7F2B43-43F7-E08F-E063-4804A8C05A49,550000,2025-02-17,UB3 2NY,S,,F,29,JUDGE HEATH LANE,A
31C68072-55F6-FEE3-E063-4804A8C04F37,555000,2025-02-19,UB3 2AX,S,,F,64,MORAY AVENUE,A
31C68071-AE37-FEE3-E063-4804A8C04F37,327000,2025-02-20,UB3 2FW,F,,F,"FULMAR HOUSE, 28",ALBACORE WAY,A
4777E0AF-99AB-5D59-E063-4804A8C09F8E,475000,2025-02-21,UB3 4JF,O,,F,347,STATION ROAD,B
31C68071-B08C-FEE3-E063-4804A8C04F37,315000,2025-02-21,UB3 4EH,F,,F,LANGTHORNE HOUSE,CROYDE AVENUE,A
2F7F2B43-DBE9-E08F-E063-4804A8C05A49,205000,2025-02-27,UB3 5DS,T,,F,210,HIGH STREET,B
36A61A94-C96B-DEF2-E063-4704A8C046AE,600000,2025-02-27,UB3 1TG,S,,F,41,COLBROOK AVENUE,A
31C68072-5667-FEE3-E063-4804A8C04F37,564000,2025-02-28,UB3 2ND,S,,F,26,ACACIA AVENUE,A
3DCCB7C9-952C-5B9D-E063-4704A8C0331E,360000,2025-02-28,UB3 4FG,F,,F,SIGNAL BUILDING,STATION APPROACH,A
3DCCB7C9-956B-5B9D-E063-4704A8C0331E,455000,2025-02-28,UB3 5EG,D,,F,27A,MANOR LANE,A
3B5CE841-6226-EE3A-E063-4804A8C0D6F1,420000,2025-02-28,UB3 1FF,F,,F,"BLUENOTE APARTMENTS, 34",BLYTH ROAD,A
3B5CE842-7DC9-EE3A-E063-4804A8C0D6F1,320000,2025-02-28,UB3 4NA,F,,F,ASA COURT,OLD STATION ROAD,B
31C68071-B306-FEE3-E063-4804A8C04F37,155000,2025-02-28,UB3 3PG,F,,F,101,ABBOTSWOOD WAY,A
402A3A66-2279-A7DF-E063-4804A8C0B80D,560000,2025-02-28,UB3 2SF,D,,F,49,WOOD END GREEN ROAD,A
34222872-9110-4D2B-E063-4704A8C07853,325000,2025-02-28,UB3 5LL,F,,F,16,PENNINE WAY,A
31C68072-FC60-FEE3-E063-4804A8C04F37,600000,2025-03-03,UB3 1AX,D,,F,1,CLAYTON ROAD,B
49E87C32-E2BB-591C-E063-4704A8C00C31,890000,2025-03-03,UB3 4HE,T,,F,7,SAVOY AVENUE,B
49E87C32-B68D-591C-E063-4704A8C00C31,525000,2025-03-03,UB3 2EU,T,,F,9,EIGHTH AVENUE,B
49E87C32-E4E5-591C-E063-4704A8C00C31,650000,2025-03-05,UB3 3HF,O,,F,13A,BROADWAY PARADE,B
4E75C29C-C9AF-8922-E063-4804A8C094D0,178000,2025-03-05,UB3 5NH,F,,F,106,BRENDON CLOSE,A
36A61A94-C9B7-DEF2-E063-4704A8C046AE,530000,2025-03-07,UB3 2TT,S,,F,31,KINGSWAY,A
3DCCB7C9-920E-5B9D-E063-4704A8C0331E,275000,2025-03-07,UB3 2AZ,T,,F,56,COMPTON ROAD,A
3DCCB7CA-C575-5B9D-E063-4704A8C0331E,440000,2025-03-07,UB3 1LF,T,,F,100,JUNIPER WAY,B
31C68072-5749-FEE3-E063-4804A8C04F37,370000,2025-03-10,UB3 5HH,T,,F,19,PENDELL AVENUE,A
49E87C32-2E86-591C-E063-4704A8C00C31,540000,2025-03-10,UB3 1SF,S,,F,51,NIELD ROAD,A
3DCCB7C9-9439-5B9D-E063-4704A8C0331E,315000,2025-03-10,UB3 5LZ,F,,F,7,GILPIN WAY,A
34222873-0E90-4D2B-E063-4704A8C07853,240000,2025-03-12,UB3 2UU,F,,F,61,WILLENHALL DRIVE,B
36A61A95-55FB-DEF2-E063-4704A8C046AE,168000,2025-03-12,UB3 4QL,F,,F,57,BLACK ROD CLOSE,B
31C68072-5AFC-FEE3-E063-4804A8C04F37,514500,2025-03-13,UB3 2EP,S,,F,32,TOWNFIELD ROAD,A
34222872-9144-4D2B-E063-4704A8C07853,198000,2025-03-14,UB3 2SF,F,,F,73,WOOD END GREEN ROAD,A
34222871-E6CB-4D2B-E063-4704A8C07853,213000,2025-03-14,UB3 5BH,F,,F,86,BOLTONS LANE,A
3DCCB7CA-C481-5B9D-E063-4704A8C0331E,480000,2025-03-14,UB3 5DJ,O,,F,443,HIGH STREET,B
31C68072-55F9-FEE3-E063-4804A8C04F37,457500,2025-03-14,UB3 1NZ,T,,F,39,ELERS ROAD,A
50D10B83-B4FF-B8D0-E063-4704A8C08D98,310000,2025-03-17,UB3 1FP,F,,F,7,GRAMOPHONE LANE,A
44F406B7-4487-1095-E063-4704A8C048D4,495000,2025-03-17,UB3 1PL,S,,F,32,SKIPTON DRIVE,B
34222872-905A-4D2B-E063-4704A8C07853,215000,2025-03-17,UB3 1LZ,F,,F,123,DAWLEY ROAD,A
4E75C29D-72E3-8922-E063-4804A8C094D0,596000,2025-03-17,UB3 4LA,S,,F,8,CRANFORD DRIVE,A
34222871-E9EC-4D2B-E063-4704A8C07853,440000,2025-03-17,UB3 4FS,F,,F,"LAURINA APARTMENTS, 10",CARNATION GARDENS,A
34222871-E6A5-4D2B-E063-4704A8C07853,460000,2025-03-17,UB3 1PF,T,,F,40,PINKWELL LANE,A
31C68072-5B79-FEE3-E063-4804A8C04F37,530000,2025-03-18,UB3 2HQ,S,,F,5,DRENON SQUARE,A
4777E0AF-7719-5D59-E063-4804A8C09F8E,315000,2025-03-20,UB3 4SN,F,,F,"CATURRA COURT, 48",CRANTON AVENUE,B
4E75C29C-CBFA-8922-E063-4804A8C094D0,299000,2025-03-20,UB3 4SN,F,,F,"CATURRA COURT, 48",CRANTON AVENUE,A
4777E0AE-4A0D-5D59-E063-4804A8C09F8E,359000,2025-03-20,UB3 4SN,F,,F,"CATURRA COURT, 48",CRANTON AVENUE,A
34222873-0E61-4D2B-E063-4704A8C07853,300000,2025-03-21,UB3 2FH,F,,F,"SPA HOUSE, 48",VARCOE GARDENS,B
402A3A66-2658-A7DF-E063-4804A8C0B80D,628000,2025-03-21,UB3 5EX,S,,F,4,BLETCHMORE CLOSE,A
49E87C32-B660-591C-E063-4704A8C00C31,585000,2025-03-21,UB3 2FS,T,,F,43,ALBACORE WAY,B
4777E0AE-4A20-5D59-E063-4804A8C09F8E,450000,2025-03-21,UB3 4SN,F,,F,"CATURRA COURT, 48",CRANTON AVENUE,A
3DCCB7C9-91FB-5B9D-E063-4704A8C0331E,182000,2025-03-21,UB3 4BN,F,,F,14,COPTHORNE MEWS,A
44F406B6-1190-1095-E063-4704A8C048D4,280000,2025-03-21,UB3 5BZ,F,,F,"COMET HOUSE, 81",NEW ROAD,B
3DCCB7CA-2CB6-5B9D-E063-4704A8C0331E,500500,2025-03-21,UB3 4PD,T,,F,12,CRANE GARDENS,A
4C1B673E-CBB8-D8EA-E063-4704A8C0BF7D,410000,2025-03-21,UB3 3PY,S,,F,27,GADE CLOSE,A
34222872-90AD-4D2B-E063-4704A8C07853,570000,2025-03-24,UB3 5BD,S,,F,30,NEW ROAD,A
4777E0AE-4A26-5D59-E063-4804A8C09F8E,300390,2025-03-24,UB3 4SN,F,,F,"CATURRA COURT, 48",CRANTON AVENUE,A
50D10B83-B4BB-B8D0-E063-4704A8C08D98,386000,2025-03-24,UB3 4SN,F,,F,"CATURRA COURT, 48",CRANTON AVENUE,A
36A61A94-4128-DEF2-E063-4704A8C046AE,453320,2025-03-24,UB3 4SN,F,,F,"CATURRA COURT, 48",CRANTON AVENUE,A
49E87C32-B61A-591C-E063-4704A8C00C31,295000,2025-03-24,UB3 5LU,F,,F,46,WEST END LANE,B
50D10B83-B4B8-B8D0-E063-4704A8C08D98,352450,2025-03-24,UB3 4SN,F,,F,"CATURRA COURT, 48",CRANTON AVENUE,A
50D10B83-B4BC-B8D0-E063-4704A8C08D98,464550,2025-03-24,UB3 4SN,F,,F,"CATURRA COURT, 48",CRANTON AVENUE,A
4777E0AE-4A13-5D59-E063-4804A8C09F8E,360000,2025-03-24,UB3 4SN,F,,F,"CATURRA COURT, 48",CRANTON AVENUE,A
50D10B83-B4CB-B8D0-E063-4704A8C08D98,508550,2025-03-24,UB3 4SN,F,,F,"CATURRA COURT, 48",CRANTON AVENUE,A
34222871-E815-4D2B-E063-4704A8C07853,582500,2025-03-25,UB3 2ES,S,,F,4,SIXTH AVENUE,A
4777E0AE-4A10-5D59-E063-4804A8C09F8E,446975,2025-03-25,UB3 4SN,F,,F,"CATURRA COURT, 48",CRANTON AVENUE,A
4777E0AE-4A18-5D59-E063-4804A8C09F8E,443075,2025-03-25,UB3 4SN,F,,F,"CATURRA COURT, 48",CRANTON AVENUE,A
4C1B6740-060C-D8EA-E063-4704A8C0BF7D,520000,2025-03-25,UB3 2AS,S,,F,10,FORRIS AVENUE,B
4777E0AE-4A11-5D59-E063-4804A8C09F8E,461580,2025-03-25,UB3 4SN,F,,F,"CATURRA COURT, 48",CRANTON AVENUE,A
4777E0AE-4A21-5D59-E063-4804A8C09F8E,356960,2025-03-25,UB3 4SN,F,,F,"CATURRA COURT, 48",CRANTON AVENUE,A
4777E0AE-4A14-5D59-E063-4804A8C09F8E,335000,2025-03-25,UB3 4SN,F,,F,"CATURRA COURT, 48",CRANTON AVENUE,A
4777E0AE-4A17-5D59-E063-4804A8C09F8E,489000,2025-03-25,UB3 4SN,F,,F,"CATURRA COURT, 48",CRANTON AVENUE,A
4777E0AE-4A12-5D59-E063-4804A8C09F8E,462000,2025-03-25,UB3 4SN,F,,F,"CATURRA COURT, 48",CRANTON AVENUE,A
50D10B83-B4D8-B8D0-E063-4704A8C08D98,420000,2025-03-26,UB3 4SN,F,,F,"CATURRA COURT, 48",CRANTON AVENUE,A
4C1B6740-07C1-D8EA-E063-4704A8C0BF7D,510000,2025-03-26,UB3 1JR,T,,F,26,ASH GROVE,B
4E75C29E-2E7D-8922-E063-4804A8C094D0,470000,2025-03-26,UB3 2BJ,T,,F,34,EVERGREEN WAY,B
42C129E5-69DA-60A9-E063-4804A8C0C25D,330000,2025-03-26,UB3 1FP,F,,F,7,GRAMOPHONE LANE,B
34222872-9131-4D2B-E063-4704A8C07853,650000,2025-03-27,UB3 3PB,S,,F,75,BIRCHWAY,A
34222873-2D41-4D2B-E063-4704A8C07853,490000,2025-03-28,UB3 3JW,S,,F,65,MINET DRIVE,B
402A3A66-2539-A7DF-E063-4804A8C0B80D,345000,2025-03-28,UB3 5LL,F,,F,30,PENNINE WAY,A
50D10B83-B4CD-B8D0-E063-4704A8C08D98,408500,2025-03-28,UB3 4SN,F,,F,"CATURRA COURT, 48",CRANTON AVENUE,A
49E87C32-2E75-591C-E063-4704A8C00C31,190000,2025-03-28,UB3 5HL,T,,F,8,LANGLEY CRESCENT,A
36A61A94-CA12-DEF2-E063-4704A8C046AE,535500,2025-03-28,UB3 2PL,S,,F,22,COMMONWEALTH AVENUE,A
34222872-8FF2-4D2B-E063-4704A8C07853,558000,2025-03-28,UB3 2TZ,T,,F,90,KINGSWAY,A
38EDC0C3-90CA-0F63-E063-4704A8C00424,420000,2025-03-28,UB3 2HF,S,,F,81,LONGMEAD ROAD,B
34222871-E6A0-4D2B-E063-4704A8C07853,307000,2025-03-28,UB3 5LR,T,,F,17,CHEVIOT CLOSE,A
4C1B6740-0DD7-D8EA-E063-4704A8C0BF7D,425000,2025-03-28,UB3 1RD,T,,F,7,CLEVEDON GARDENS,B
38EDC0C3-AEA9-0F63-E063-4704A8C00424,565000,2025-03-28,UB3 3JU,S,,F,48,HALSWAY,B
36A61A94-3CEC-DEF2-E063-4704A8C046AE,263000,2025-03-28,UB3 3DX,T,,F,2,MAXWELL CLOSE,A
4C1B6740-05D8-D8EA-E063-4704A8C0BF7D,540000,2025-03-28,UB3 3HH,D,,F,232,COLDHARBOUR LANE,B
402A3A66-218C-A7DF-E063-4804A8C0B80D,490000,2025-03-28,UB3 4EB,T,,F,21,BEDWELL GARDENS,A
4777E0AE-4A4A-5D59-E063-4804A8C09F8E,330000,2025-03-28,UB3 4SN,F,,F,"CATURRA COURT, 48",CRANTON AVENUE,A
4C1B6740-05E4-D8EA-E063-4704A8C0BF7D,600000,2025-03-28,UB3 4RA,S,,F,165,ROSEVILLE ROAD,B
38EDC0C2-950F-0F63-E063-4704A8C00424,233000,2025-03-28,UB3 4FA,F,,F,VANTAGE BUILDING,STATION APPROACH,A
42C129E4-26B5-60A9-E063-4804A8C0C25D,405000,2025-03-28,UB3 2RB,T,,F,18,MIDDLETON ROAD,A
34222871-E77E-4D2B-E063-4704A8C07853,272000,2025-03-31,UB3 4FF,F,,F,NAVIGATION BUILDING,STATION APPROACH,A
49E87C32-E368-591C-E063-4704A8C00C31,550000,2025-03-31,UB3 5ND,S,,F,1,FIELD CLOSE,B
402A3A66-2659-A7DF-E063-4804A8C0B80D,510000,2025-03-31,UB3 1NH,T,,F,80,PINKWELL AVENUE,A
36A61A94-3C63-DEF2-E063-4704A8C046AE,477000,2025-03-31,UB3 1SW,S,,F,69,NINE ACRES CLOSE,A
50D10B84-A51F-B8D0-E063-4704A8C08D98,449000,2025-03-31,UB3 4SN,F,,F,"CATURRA COURT, 48",CRANTON AVENUE,B
44F406B6-130D-1095-E063-4704A8C048D4,270000,2025-03-31,UB3 1DZ,F,,F,"BOILER HOUSE, 2",MATERIAL WALK,A
4C1B673F-DD3D-D8EA-E063-4704A8C0BF7D,305000,2025-03-31,UB3 4NZ,F,,F,44,FAIREY AVENUE,B
34222871-E745-4D2B-E063-4704A8C07853,290000,2025-03-31,UB3 5NS,F,,F,"OAKLEY COURT, 80A",THE CRESCENT,A
50D10B83-B1CD-B8D0-E063-4704A8C08D98,250000,2025-03-31,UB3 5HY,F,,F,"VANTAGE COURT, 37",OXFORD AVENUE,A
3B5CE842-02FB-EE3A-E063-4804A8C0D6F1,475000,2025-03-31,UB3 3JU,S,,F,95,HALSWAY,A
36A61A94-3E7F-DEF2-E063-4704A8C046AE,427000,2025-03-31,UB3 4FS,F,,F,"LAURINA APARTMENTS, 10",CARNATION GARDENS,A
4C1B6740-061C-D8EA-E063-4704A8C0BF7D,480000,2025-03-31,UB3 2QZ,T,,F,19,ANGEL LANE,B
4E75C29C-CBB2-8922-E063-4804A8C094D0,299995,2025-03-31,UB3 1FP,F,,F,7,GRAMOPHONE LANE,A
49E87C32-B794-591C-E063-4704A8C00C31,280000,2025-04-01,UB3 5FB,F,,F,"PENINSULA HOUSE, 4",NOBEL DRIVE,B
4777E0AF-7739-5D59-E063-4804A8C09F8E,300000,2025-04-01,UB3 5FA,F,,F,"ATLANTICO HOUSE, 3",NOBEL DRIVE,B
4777E0AF-772C-5D59-E063-4804A8C09F8E,310000,2025-04-01,UB3 5FA,F,,F,"ATLANTICO HOUSE, 3",NOBEL DRIVE,B
49E87C32-B799-591C-E063-4704A8C00C31,335000,2025-04-01,UB3 5FB,F,,F,"PENINSULA HOUSE, 4",NOBEL DRIVE,B
4777E0AF-773B-5D59-E063-4804A8C09F8E,290000,2025-04-01,UB3 5FA,F,,F,"ATLANTICO HOUSE, 3",NOBEL DRIVE,B
49E87C32-B782-591C-E063-4704A8C00C31,275000,2025-04-01,UB3 5FB,F,,F,"PENINSULA HOUSE, 4",NOBEL DRIVE,B
4777E0AF-771F-5D59-E063-4804A8C09F8E,310000,2025-04-01,UB3 5FB,F,,F,"PENINSULA HOUSE, 4",NOBEL DRIVE,B
49E87C32-B791-591C-E063-4704A8C00C31,280000,2025-04-01,UB3 5FB,F,,F,"PENINSULA HOUSE, 4",NOBEL DRIVE,B
49E87C32-B789-591C-E063-4704A8C00C31,290000,2025-04-01,UB3 5FB,F,,F,"PENINSULA HOUSE, 4",NOBEL DRIVE,B
4777E0AF-774D-5D59-E063-4804A8C09F8E,290000,2025-04-01,UB3 5FA,F,,F,"ATLANTICO HOUSE, 3",NOBEL DRIVE,B
49E87C32-B785-591C-E063-4704A8C00C31,290000,2025-04-01,UB3 5FB,F,,F,"PENINSULA HOUSE, 4",NOBEL DRIVE,B
4777E0AF-774C-5D59-E063-4804A8C09F8E,235000,2025-04-01,UB3 5FA,F,,F,"ATLANTICO HOUSE, 3",NOBEL DRIVE,B
4777E0AF-7743-5D59-E063-4804A8C09F8E,310000,2025-04-01,UB3 5FA,F,,F,"ATLANTICO HOUSE, 3",NOBEL DRIVE,B
4777E0AF-7749-5D59-E063-4804A8C09F8E,300000,2025-04-01,UB3 5FA,F,,F,"ATLANTICO HOUSE, 3",NOBEL DRIVE,B
49E87C32-B797-591C-E063-4704A8C00C31,360000,2025-04-01,UB3 5FB,F,,F,"PENINSULA HOUSE, 4",NOBEL DRIVE,B
4777E0AF-7737-5D59-E063-4804A8C09F8E,310000,2025-04-01,UB3 5FA,F,,F,"ATLANTICO HOUSE, 3",NOBEL DRIVE,B
4777E0AF-7735-5D59-E063-4804A8C09F8E,245000,2025-04-01,UB3 5FA,F,,F,"ATLANTICO HOUSE, 3",NOBEL DRIVE,B
4777E0AF-7741-5D59-E063-4804A8C09F8E,290000,2025-04-01,UB3 5FA,F,,F,"ATLANTICO HOUSE, 3",NOBEL DRIVE,B
49E87C32-B780-591C-E063-4704A8C00C31,280000,2025-04-01,UB3 5FB,F,,F,"PENINSULA HOUSE, 4",NOBEL DRIVE,B
49E87C32-B78B-591C-E063-4704A8C00C31,275000,2025-04-01,UB3 5FB,F,,F,"PENINSULA HOUSE, 4",NOBEL DRIVE,B
4777E0AF-774A-5D59-E063-4804A8C09F8E,300000,2025-04-01,UB3 5FA,F,,F,"ATLANTICO HOUSE, 3",NOBEL DRIVE,B
4777E0AF-7728-5D59-E063-4804A8C09F8E,275000,2025-04-01,UB3 5FB,F,,F,"PENINSULA HOUSE, 4",NOBEL DRIVE,B
4777E0AF-7744-5D59-E063-4804A8C09F8E,310000,2025-04-01,UB3 5FA,F,,F,"ATLANTICO HOUSE, 3",NOBEL DRIVE,B
4777E0AF-7720-5D59-E063-4804A8C09F8E,275000,2025-04-01,UB3 5FB,F,,F,"PENINSULA HOUSE, 4",NOBEL DRIVE,B
49E87C32-B78D-591C-E063-4704A8C00C31,275000,2025-04-01,UB3 5FB,F,,F,"PENINSULA HOUSE, 4",NOBEL DRIVE,B
49E87C32-B77F-591C-E063-4704A8C00C31,290000,2025-04-01,UB3 5FB,F,,F,"PENINSULA HOUSE, 4",NOBEL DRIVE,B
4777E0AF-7731-5D59-E063-4804A8C09F8E,300000,2025-04-01,UB3 5FA,F,,F,"ATLANTICO HOUSE, 3",NOBEL DRIVE,B
49E87C32-B787-591C-E063-4704A8C00C31,290000,2025-04-01,UB3 5FB,F,,F,"PENINSULA HOUSE, 4",NOBEL DRIVE,B
49E87C32-B796-591C-E063-4704A8C00C31,290000,2025-04-01,UB3 5FB,F,,F,"PENINSULA HOUSE, 4",NOBEL DRIVE,B
4777E0AF-772A-5D59-E063-4804A8C09F8E,310000,2025-04-01,UB3 5FA,F,,F,"ATLANTICO HOUSE, 3",NOBEL DRIVE,B
4777E0AF-773C-5D59-E063-4804A8C09F8E,290000,2025-04-01,UB3 5FA,F,,F,"ATLANTICO HOUSE, 3",NOBEL DRIVE,B
49E87C32-B792-591C-E063-4704A8C00C31,310000,2025-04-01,UB3 5FB,F,,F,"PENINSULA HOUSE, 4",NOBEL DRIVE,B
4777E0AF-7730-5D59-E063-4804A8C09F8E,290000,2025-04-01,UB3 5FA,F,,F,"ATLANTICO HOUSE, 3",NOBEL DRIVE,B
4777E0AF-773F-5D59-E063-4804A8C09F8E,275000,2025-04-01,UB3 5FA,F,,F,"ATLANTICO HOUSE, 3",NOBEL DRIVE,B
4777E0AF-7718-5D59-E063-4804A8C09F8E,275000,2025-04-01,UB3 5FB,F,,F,"PENINSULA HOUSE, 4",NOBEL DRIVE,B
4777E0AF-7724-5D59-E063-4804A8C09F8E,360000,2025-04-01,UB3 5FB,F,,F,"PENINSULA HOUSE, 4",NOBEL DRIVE,B
4777E0AF-7740-5D59-E063-4804A8C09F8E,235000,2025-04-01,UB3 5FA,F,,F,"ATLANTICO HOUSE, 3",NOBEL DRIVE,B
49E87C32-B77D-591C-E063-4704A8C00C31,275000,2025-04-01,UB3 5FB,F,,F,"PENINSULA HOUSE, 4",NOBEL DRIVE,B
49E87C32-B790-591C-E063-4704A8C00C31,290000,2025-04-01,UB3 5FB,F,,F,"PENINSULA HOUSE, 4",NOBEL DRIVE,B
4777E0AF-7733-5D59-E063-4804A8C09F8E,275000,2025-04-01,UB3 5FA,F,,F,"ATLANTICO HOUSE, 3",NOBEL DRIVE,B
4777E0AF-7746-5D59-E063-4804A8C09F8E,300000,2025-04-01,UB3 5FA,F,,F,"ATLANTICO HOUSE, 3",NOBEL DRIVE,B
49E87C32-B793-591C-E063-4704A8C00C31,275000,2025-04-01,UB3 5FB,F,,F,"PENINSULA HOUSE, 4",NOBEL DRIVE,B
49E87C32-B77C-591C-E063-4704A8C00C31,265000,2025-04-01,UB3 5FB,F,,F,"PENINSULA HOUSE, 4",NOBEL DRIVE,B
4777E0AF-771A-5D59-E063-4804A8C09F8E,265000,2025-04-01,UB3 5FB,F,,F,"PENINSULA HOUSE, 4",NOBEL DRIVE,B
4777E0AF-7732-5D59-E063-4804A8C09F8E,300000,2025-04-01,UB3 5FA,F,,F,"ATLANTICO HOUSE, 3",NOBEL DRIVE,B
4777E0AF-771E-5D59-E063-4804A8C09F8E,280000,2025-04-01,UB3 5FB,F,,F,"PENINSULA HOUSE, 4",NOBEL DRIVE,B
49E87C32-B795-591C-E063-4704A8C00C31,390000,2025-04-01,UB3 5FB,F,,F,"PENINSULA HOUSE, 4",NOBEL DRIVE,B
4777E0AF-771B-5D59-E063-4804A8C09F8E,275000,2025-04-01,UB3 5FB,F,,F,"PENINSULA HOUSE, 4",NOBEL DRIVE,B
4777E0AF-7726-5D59-E063-4804A8C09F8E,290000,2025-04-01,UB3 5FB,F,,F,"PENINSULA HOUSE, 4",NOBEL DRIVE,B
49E87C32-B786-591C-E063-4704A8C00C31,360000,2025-04-01,UB3 5FB,F,,F,"PENINSULA HOUSE, 4",NOBEL DRIVE,B
44F406B7-2193-1095-E063-4704A8C048D4,290000,2025-04-01,UB3 5FB,F,,F,"PENINSULA HOUSE, 4",NOBEL DRIVE,B
4777E0AF-7748-5D59-E063-4804A8C09F8E,290000,2025-04-01,UB3 5FA,F,,F,"ATLANTICO HOUSE, 3",NOBEL DRIVE,B
49E87C32-B784-591C-E063-4704A8C00C31,390000,2025-04-01,UB3 5FB,F,,F,"PENINSULA HOUSE, 4",NOBEL DRIVE,B
49E87C32-B783-591C-E063-4704A8C00C31,280000,2025-04-01,UB3 5FB,F,,F,"PENINSULA HOUSE, 4",NOBEL DRIVE,B
4777E0AF-7736-5D59-E063-4804A8C09F8E,370000,2025-04-01,UB3 5FA,F,,F,"ATLANTICO HOUSE, 3",NOBEL DRIVE,B
4777E0AF-772F-5D59-E063-4804A8C09F8E,290000,2025-04-01,UB3 5FA,F,,F,"ATLANTICO HOUSE, 3",NOBEL DRIVE,B
4777E0AF-774B-5D59-E063-4804A8C09F8E,275000,2025-04-01,UB3 5FA,F,,F,"ATLANTICO HOUSE, 3",NOBEL DRIVE,B
4777E0AF-7738-5D59-E063-4804A8C09F8E,310000,2025-04-01,UB3 5FA,F,,F,"ATLANTICO HOUSE, 3",NOBEL DRIVE,B
4777E0AF-7722-5D59-E063-4804A8C09F8E,390000,2025-04-01,UB3 5FB,F,,F,"PENINSULA HOUSE, 4",NOBEL DRIVE,B
4777E0AF-7742-5D59-E063-4804A8C09F8E,370000,2025-04-01,UB3 5FA,F,,F,"ATLANTICO HOUSE, 3",NOBEL DRIVE,B
4777E0AF-7747-5D59-E063-4804A8C09F8E,290000,2025-04-01,UB3 5FA,F,,F,"ATLANTICO HOUSE, 3",NOBEL DRIVE,B
4777E0AF-7734-5D59-E063-4804A8C09F8E,235000,2025-04-01,UB3 5FA,F,,F,"ATLANTICO HOUSE, 3",NOBEL DRIVE,B
4777E0AF-7745-5D59-E063-4804A8C09F8E,300000,2025-04-01,UB3 5FA,F,,F,"ATLANTICO HOUSE, 3",NOBEL DRIVE,B
49E87C32-B781-591C-E063-4704A8C00C31,310000,2025-04-01,UB3 5FB,F,,F,"PENINSULA HOUSE, 4",NOBEL DRIVE,B
49E87C32-B78C-591C-E063-4704A8C00C31,265000,2025-04-01,UB3 5FB,F,,F,"PENINSULA HOUSE, 4",NOBEL DRIVE,B
4777E0AF-7729-5D59-E063-4804A8C09F8E,370000,2025-04-01,UB3 5FA,F,,F,"ATLANTICO HOUSE, 3",NOBEL DRIVE,B
4777E0AF-7727-5D59-E063-4804A8C09F8E,290000,2025-04-01,UB3 5FB,F,,F,"PENINSULA HOUSE, 4",NOBEL DRIVE,B
4777E0AF-773A-5D59-E063-4804A8C09F8E,300000,2025-04-01,UB3 5FA,F,,F,"ATLANTICO HOUSE, 3",NOBEL DRIVE,B
4777E0AF-7721-5D59-E063-4804A8C09F8E,280000,2025-04-01,UB3 5FB,F,,F,"PENINSULA HOUSE, 4",NOBEL DRIVE,B
4777E0AF-772D-5D59-E063-4804A8C09F8E,300000,2025-04-01,UB3 5FA,F,,F,"ATLANTICO HOUSE, 3",NOBEL DRIVE,B
4777E0AF-772E-5D59-E063-4804A8C09F8E,300000,2025-04-01,UB3 5FA,F,,F,"ATLANTICO HOUSE, 3",NOBEL DRIVE,B
49E87C32-B78E-591C-E063-4704A8C00C31,275000,2025-04-01,UB3 5FB,F,,F,"PENINSULA HOUSE, 4",NOBEL DRIVE,B
49E87C32-B798-591C-E063-4704A8C00C31,350000,2025-04-01,UB3 5FB,F,,F,"PENINSULA HOUSE, 4",NOBEL DRIVE,B
49E87C32-B77E-591C-E063-4704A8C00C31,275000,2025-04-01,UB3 5FB,F,,F,"PENINSULA HOUSE, 4",NOBEL DRIVE,B
4777E0AF-773D-5D59-E063-4804A8C09F8E,300000,2025-04-01,UB3 5FA,F,,F,"ATLANTICO HOUSE, 3",NOBEL DRIVE,B
4777E0AF-7723-5D59-E063-4804A8C09F8E,290000,2025-04-01,UB3 5FB,F,,F,"PENINSULA HOUSE, 4",NOBEL DRIVE,B
49E87C31-881C-591C-E063-4704A8C00C31,305000,2025-04-01,UB3 2QA,F,,F,10B,TUDOR ROAD,A
4777E0AF-771D-5D59-E063-4804A8C09F8E,290000,2025-04-01,UB3 5FB,F,,F,"PENINSULA HOUSE, 4",NOBEL DRIVE,B
49E87C32-B788-591C-E063-4704A8C00C31,290000,2025-04-01,UB3 5FB,F,,F,"PENINSULA HOUSE, 4",NOBEL DRIVE,B
4777E0AF-771C-5D59-E063-4804A8C09F8E,275000,2025-04-01,UB3 5FB,F,,F,"PENINSULA HOUSE, 4",NOBEL DRIVE,B
4777E0AF-7725-5D59-E063-4804A8C09F8E,290000,2025-04-01,UB3 5FB,F,,F,"PENINSULA HOUSE, 4",NOBEL DRIVE,B
4777E0AF-773E-5D59-E063-4804A8C09F8E,300000,2025-04-01,UB3 5FA,F,,F,"ATLANTICO HOUSE, 3",NOBEL DRIVE,B
4777E0AE-4A27-5D59-E063-4804A8C09F8E,297160,2025-04-04,UB3 4SN,F,,F,"CATURRA COURT, 48",CRANTON AVENUE,B
4C1B673E-CB6C-D8EA-E063-4704A8C0BF7D,315000,2025-04-04,UB3 2DD,F,,F,42,REID CLOSE,A
36A61A94-CCE4-DEF2-E063-4704A8C046AE,560000,2025-04-07,UB3 3JE,S,,F,46,HUNTERS GROVE,A
4777E0AE-4652-5D59-E063-4804A8C09F8E,282000,2025-04-10,UB3 5BH,F,,F,80,BOLTONS LANE,A
4E75C29D-FB5A-8922-E063-4804A8C094D0,490000,2025-04-11,UB3 1JR,T,,F,30,ASH GROVE,B
4E75C29E-2DF0-8922-E063-4804A8C094D0,415000,2025-04-11,UB3 4HA,T,,F,54,CLEAVE AVENUE,B
34222872-9154-4D2B-E063-4704A8C07853,299950,2025-04-11,UB3 2AT,F,,F,44,FORRIS AVENUE,A
34222872-8D14-4D2B-E063-4704A8C07853,485000,2025-04-14,UB3 1NG,S,,F,12,PINKWELL AVENUE,A
4E75C29D-FA81-8922-E063-4804A8C094D0,337500,2025-04-15,UB3 4EW,F,,F,GURNEY HOUSE,CROYDE AVENUE,B
4C1B6740-0DD4-D8EA-E063-4704A8C0BF7D,427000,2025-04-24,UB3 1QL,T,,F,17,BOURNE AVENUE,B
4E75C29C-C77D-8922-E063-4804A8C094D0,210000,2025-04-25,UB3 4FD,F,,F,CARDINAL BUILDING,STATION APPROACH,A
38EDC0C3-24E0-0F63-E063-4704A8C00424,325000,2025-04-25,UB3 5LH,F,,F,8,MENDIP CLOSE,A
36A61A94-3C70-DEF2-E063-4704A8C046AE,185000,2025-04-25,UB3 5BH,F,,F,90,BOLTONS LANE,A
49E87C32-E339-591C-E063-4704A8C00C31,475000,2025-04-29,UB3 4AQ,T,,F,26,OAKINGTON AVENUE,B
4E75C29C-C765-8922-E063-4804A8C094D0,200000,2025-04-30,UB3 4BQ,F,,F,VANTAGE BUILDING,STATION APPROACH,A
36A61A95-5529-DEF2-E063-4704A8C046AE,600000,2025-04-30,UB3 1ND,S,,F,64,DAWLEY ROAD,B
4777E0AE-4A38-5D59-E063-4804A8C09F8E,300000,2025-04-30,UB3 1FP,F,,F,7,GRAMOPHONE LANE,A
38EDC0C3-21B4-0F63-E063-4704A8C00424,625000,2025-04-30,UB3 4PJ,S,,F,32,WYRE GROVE,A
49E87C32-B63D-591C-E063-4704A8C00C31,516000,2025-05-01,UB3 1QW,T,,F,66,BOURNE AVENUE,B
38EDC0C2-9656-0F63-E063-4704A8C00424,308000,2025-05-02,UB3 5LA,F,,F,18,HEATH CLOSE,A
36A61A94-C8E2-DEF2-E063-4704A8C046AE,850000,2025-05-06,UB3 4RB,S,,F,1,CARFAX ROAD,A
49E87C32-E4CB-591C-E063-4704A8C00C31,492000,2025-05-07,UB3 3PD,S,,F,111,BIRCHWAY,B
36A61A94-3C55-DEF2-E063-4704A8C046AE,485000,2025-05-07,UB3 1SW,S,,F,62,NINE ACRES CLOSE,A
3B5CE841-FDCA-EE3A-E063-4804A8C0D6F1,710000,2025-05-08,UB3 1PT,S,,F,1,CARNARVON DRIVE,A
42C129E4-26B6-60A9-E063-4804A8C0C25D,320000,2025-05-09,UB3 4FA,F,,F,VANTAGE BUILDING,STATION APPROACH,A
50D10B84-37E0-B8D0-E063-4704A8C08D98,628000,2025-05-09,UB3 4EJ,S,,F,2,CROYDE AVENUE,A
4E75C29D-787F-8922-E063-4804A8C094D0,240000,2025-05-12,UB3 3PU,F,,F,15,BOURTON CLOSE,A
4C1B673F-DD08-D8EA-E063-4704A8C0BF7D,250000,2025-05-16,UB3 2BH,F,,F,81,EVERGREEN WAY,B
4C1B673E-CD65-D8EA-E063-4704A8C0BF7D,500000,2025-05-16,UB3 2AE,T,,F,62,BOTWELL LANE,A
3B5CE842-7D84-EE3A-E063-4804A8C0D6F1,578211,2025-05-19,UB3 4RZ,O,,F,UNIT 4,SQUIRRELS TRADING ESTATE,B
36A61A95-38AD-DEF2-E063-4704A8C046AE,578211,2025-05-19,UB3 4RZ,O,,F,UNIT 7,SQUIRRELS TRADING ESTATE,B
4E75C29D-FB18-8922-E063-4804A8C094D0,880000,2025-05-19,UB3 4RZ,O,,F,UNIT 7,SQUIRRELS TRADING ESTATE,B
3DCCB7CA-A41F-5B9D-E063-4704A8C0331E,1150000,2025-05-19,UB3 4RZ,O,,F,UNIT 3,SQUIRRELS TRADING ESTATE,B
3DCCB7CA-A41E-5B9D-E063-4704A8C0331E,629050,2025-05-19,UB3 4RZ,O,,F,UNIT 3,SQUIRRELS TRADING ESTATE,B
38EDC0C3-90E5-0F63-E063-4704A8C00424,750000,2025-05-19,UB3 4RZ,O,,F,UNIT 6,SQUIRRELS TRADING ESTATE,B
4E75C29D-FBFC-8922-E063-4804A8C094D0,1088500,2025-05-19,UB3 4RZ,O,,F,UNIT 1,SQUIRRELS TRADING ESTATE,B
44F406B7-2002-1095-E063-4704A8C048D4,729050,2025-05-19,UB3 4RZ,O,,F,UNIT 1,SQUIRRELS TRADING ESTATE,B
3B5CE842-7D85-EE3A-E063-4804A8C0D6F1,506424,2025-05-19,UB3 4RZ,O,,F,UNIT 5,SQUIRRELS TRADING ESTATE,B
4E75C29D-FA42-8922-E063-4804A8C094D0,1144500,2025-05-19,UB3 4RZ,O,,F,UNIT 2,SQUIRRELS TRADING ESTATE,B
44F406B7-2001-1095-E063-4704A8C048D4,729050,2025-05-19,UB3 4RZ,O,,F,UNIT 2,SQUIRRELS TRADING ESTATE,B
4C1B673F-6588-D8EA-E063-4704A8C0BF7D,590000,2025-05-19,UB3 3BT,T,,F,4,LITTLE ROAD,A
4E75C29D-FA8C-8922-E063-4804A8C094D0,500000,2025-05-20,UB3 3NT,O,,F,6,PETER JAMES BUSINESS CENTRE,B
38EDC0C2-9403-0F63-E063-4704A8C00424,260000,2025-05-20,UB3 1PP,F,,F,TENBY HOUSE,BOURNE AVENUE,A
42C129E5-9121-60A9-E063-4804A8C0C25D,485000,2025-05-22,UB3 1PL,S,,F,12,SKIPTON DRIVE,B
50D10B83-B5C8-B8D0-E063-4704A8C08D98,480000,2025-05-23,UB3 5LY,S,,F,159,WEST END LANE,A
4C1B6740-07BC-D8EA-E063-4704A8C0BF7D,520000,2025-05-23,UB3 2BZ,T,,F,76,CENTRAL AVENUE,B
38EDC0C3-21CA-0F63-E063-4704A8C00424,545000,2025-05-28,UB3 2AU,S,,F,21,MORAY AVENUE,A
4E75C29C-CC21-8922-E063-4804A8C094D0,281000,2025-05-29,UB3 5NB,F,,F,54,THE CRESCENT,A
4E75C29E-2D33-8922-E063-4804A8C094D0,525000,2025-05-30,UB3 5EH,S,,F,10,SIPSON LANE,B
42C129E4-D9E7-60A9-E063-4804A8C0C25D,500000,2025-05-30,UB3 4JW,S,,F,34,CROWLAND AVENUE,A
44F406B6-A853-1095-E063-4704A8C048D4,585000,2025-05-30,UB3 1TN,T,,F,26,MILDRED AVENUE,A
44F406B6-A80B-1095-E063-4704A8C048D4,540000,2025-05-30,UB3 4QP,S,,F,12,GORDON CRESCENT,A
42C129E4-277F-60A9-E063-4804A8C0C25D,270000,2025-05-30,UB3 2BH,F,,F,87,EVERGREEN WAY,A
38EDC0C3-208B-0F63-E063-4704A8C00424,500000,2025-06-03,UB3 2AJ,T,,F,218,BOTWELL LANE,A
38EDC0C2-9898-0F63-E063-4704A8C00424,499950,2025-06-03,UB3 4QJ,T,,F,14,BLACK ROD CLOSE,A
42C129E4-DB44-60A9-E063-4804A8C0C25D,556000,2025-06-04,UB3 1SH,S,,F,117,NIELD ROAD,A
402A3A66-AC41-A7DF-E063-4804A8C0B80D,150000,2025-06-05,UB3 2NU,O,,F,13,PARK PARADE,B
4777E0AE-4A71-5D59-E063-4804A8C09F8E,430125,2025-06-06,UB3 4GN,F,,F,"ROBUSTA COURT, 57",FARINE AVENUE,A
50D10B83-B4DE-B8D0-E063-4704A8C08D98,455385,2025-06-06,UB3 4SN,F,,F,"CATURRA COURT, 48",CRANTON AVENUE,B
4E75C29E-2C9A-8922-E063-4804A8C094D0,440000,2025-06-06,UB3 4RD,T,,F,58,CARFAX ROAD,B
3B5CE842-9E0D-EE3A-E063-4804A8C0D6F1,400000,2025-06-10,UB3 5DP,T,,F,186,HIGH STREET,B
3DCCB7CA-A433-5B9D-E063-4704A8C0331E,190000,2025-06-11,UB3 2FF,F,,F,"CONSTANTINE HOUSE, 1",VARCOE GARDENS,B
38EDC0C3-921F-0F63-E063-4704A8C00424,560500,2025-06-12,UB3 2JL,T,,F,37,RECTORY ROAD,B
50D10B83-B4DB-B8D0-E063-4704A8C08D98,372400,2025-06-13,UB3 4GN,F,,F,"ROBUSTA COURT, 57",FARINE AVENUE,A
49E87C31-8873-591C-E063-4704A8C00C31,585000,2025-06-13,UB3 4GN,F,,F,"ROBUSTA COURT, 57",FARINE AVENUE,A
4E75C29E-2CCF-8922-E063-4804A8C094D0,539950,2025-06-13,UB3 5DW,S,,F,136,HIGH STREET,B
4777E0AE-4A65-5D59-E063-4804A8C09F8E,457240,2025-06-13,UB3 4GN,F,,F,"ROBUSTA COURT, 57",FARINE AVENUE,A
42C129E4-2A71-60A9-E063-4804A8C0C25D,300000,2025-06-13,UB3 2PJ,F,,F,30,ST JEROMES GROVE,A
38EDC0C2-965B-0F63-E063-4704A8C00424,190000,2025-06-13,UB3 5NL,F,,F,11,RAYWOOD CLOSE,A
42C129E4-D97A-60A9-E063-4804A8C0C25D,662500,2025-06-18,UB3 1NQ,S,,F,46,PINKWELL AVENUE,A
4777E0AE-F598-5D59-E063-4804A8C09F8E,540000,2025-06-18,UB3 4NQ,S,,F,128,NORTH HYDE ROAD,A
4E75C29C-CBEB-8922-E063-4804A8C094D0,335000,2025-06-20,UB3 4GN,F,,F,"ROBUSTA COURT, 57",FARINE AVENUE,A
4E75C29C-C81E-8922-E063-4804A8C094D0,552000,2025-06-20,UB3 4JT,S,,F,70,CORONATION ROAD,A
3B5CE842-02F4-EE3A-E063-4804A8C0D6F1,450000,2025-06-20,UB3 1JJ,T,,F,19,LIME GROVE,A
3B5CE841-600E-EE3A-E063-4804A8C0D6F1,322000,2025-06-20,UB3 2FF,F,,F,"OSTIA LODGE, 2",VARCOE GARDENS,A
49E87C31-8876-591C-E063-4704A8C00C31,470000,2025-06-23,UB3 4GL,F,,F,"ARUSHA COURT, 49",FARINE AVENUE,A
3B5CE842-9E68-EE3A-E063-4804A8C0D6F1,605000,2025-06-23,UB3 2BP,T,,F,103,CENTRAL AVENUE,B
4E75C29E-2D06-8922-E063-4804A8C094D0,480000,2025-06-24,UB3 2RT,T,,F,10,ELMLEA DRIVE,B
4E75C29D-FC2C-8922-E063-4804A8C094D0,10000,2025-06-24,UB3 3FB,O,,F,47,PUMP LANE,B
44F406B6-11C9-1095-E063-4704A8C048D4,550000,2025-06-24,UB3 2FY,S,,F,22,MONARCH DRIVE,A
49E87C31-8892-591C-E063-4704A8C00C31,420360,2025-06-25,UB3 4GL,F,,F,"ARUSHA COURT, 49",FARINE AVENUE,A
50D10B83-B51E-B8D0-E063-4704A8C08D98,300840,2025-06-26,UB3 4SN,F,,F,"CATURRA COURT, 48",CRANTON AVENUE,B
44F406B7-2010-1095-E063-4704A8C048D4,245000,2025-06-27,UB3 4DS,O,,F,52B,STATION ROAD,B
3B5CE842-0303-EE3A-E063-4804A8C0D6F1,550000,2025-06-27,UB3 1JB,S,,F,60,BOTWELL COMMON ROAD,A
4E75C29D-734C-8922-E063-4804A8C094D0,410000,2025-06-27,UB3 5JA,S,,F,6,MALVERN ROAD,A
3DCCB7C9-92CD-5B9D-E063-4704A8C0331E,500000,2025-06-30,UB3 1QY,T,,F,28,WINDSOR GARDENS,A
3B5CE842-9D63-EE3A-E063-4804A8C0D6F1,540000,2025-06-30,UB3 5LY,S,,F,100,WEST END LANE,B
3B5CE842-032B-EE3A-E063-4804A8C0D6F1,540000,2025-06-30,UB3 2UT,T,,F,16,WILLENHALL DRIVE,A
4E75C29D-FA84-8922-E063-4804A8C094D0,275000,2025-06-30,UB3 2AR,F,,F,333,BOTWELL LANE,B
3B5CE842-9E40-EE3A-E063-4804A8C0D6F1,425000,2025-07-01,UB3 1RB,T,,F,35,BURNHAM GARDENS,B
50D10B84-C7A6-B8D0-E063-4704A8C08D98,565000,2025-07-01,UB3 2QJ,T,,F,23,CRANMER ROAD,B
50D10B84-C7BA-B8D0-E063-4704A8C08D98,530000,2025-07-04,UB3 1TE,T,,F,130,WALTHAM AVENUE,B
3B5CE842-9D39-EE3A-E063-4804A8C0D6F1,425000,2025-07-04,UB3 2QB,T,,F,19,TUDOR ROAD,B
4777E0AE-4AEC-5D59-E063-4804A8C09F8E,550000,2025-07-07,UB3 2RU,S,,F,22,GRANGE CLOSE,A
42C129E5-8F7D-60A9-E063-4804A8C0C25D,750000,2025-07-07,UB3 2AX,S,,F,48,MORAY AVENUE,B
3B5CE842-02DE-EE3A-E063-4804A8C0D6F1,465000,2025-07-08,UB3 4ED,T,,F,61,BEDWELL GARDENS,A
3B5CE841-6079-EE3A-E063-4804A8C0D6F1,345000,2025-07-08,UB3 5HD,F,,F,"OAKLANDS COURT, 360",CRANFORD LANE,A
4777E0AE-F5C9-5D59-E063-4804A8C09F8E,500000,2025-07-09,UB3 2TJ,S,,F,35,HANOVER CIRCLE,A
4E75C29D-FAA0-8922-E063-4804A8C094D0,400000,2025-07-10,UB3 2EY,T,,F,4,WEST AVENUE,B
50D10B84-C772-B8D0-E063-4704A8C08D98,1500000,2025-07-11,UB3 1QT,O,,F,THE MUSIC BOX,BOURNE AVENUE,B
4777E0AE-F187-5D59-E063-4804A8C09F8E,510000,2025-07-18,UB3 5AL,S,,F,92,BATH ROAD,A
3B5CE842-0269-EE3A-E063-4804A8C0D6F1,500000,2025-07-18,UB3 1RE,T,,F,32,CLEVEDON GARDENS,A
50D10B84-C7D9-B8D0-E063-4704A8C08D98,400000,2025-07-18,UB3 4NW,T,,F,63,NORTH HYDE ROAD,B
50D10B84-C7E6-B8D0-E063-4704A8C08D98,500000,2025-07-18,UB3 4NW,T,,F,61,NORTH HYDE ROAD,B
50D10B84-C780-B8D0-E063-4704A8C08D98,540000,2025-07-21,UB3 2QJ,D,,F,51,CRANMER ROAD,B
3DCCB7CA-2CC6-5B9D-E063-4704A8C0331E,425000,2025-07-23,UB3 2QH,T,,F,3,CRANMER ROAD,A
50D10B84-A43F-B8D0-E063-4704A8C08D98,490000,2025-07-25,UB3 1QR,O,,F,127,BOURNE AVENUE,B
402A3A66-CE7F-A7DF-E063-4804A8C0B80D,430000,2025-07-25,UB3 1NJ,T,,F,12,WOODHOUSE CLOSE,B
4E75C29C-CC06-8922-E063-4804A8C094D0,415000,2025-07-25,UB3 4GL,F,,F,"ARUSHA COURT, 49",FARINE AVENUE,A
50D10B84-A442-B8D0-E063-4704A8C08D98,420000,2025-07-25,UB3 3PZ,T,,F,115,AVONDALE DRIVE,B
4777E0AE-4657-5D59-E063-4804A8C09F8E,332500,2025-07-28,UB3 5DH,F,,F,377,HIGH STREET,A
3DCCB7CA-2D37-5B9D-E063-4704A8C0331E,273600,2025-07-28,UB3 4AN,T,,F,268,STATION ROAD,A
3B5CE842-02FA-EE3A-E063-4804A8C0D6F1,445000,2025-07-29,UB3 3JJ,S,,F,26,EAST WALK,A
49E87C32-3495-591C-E063-4704A8C00C31,549950,2025-07-31,UB3 3JH,S,,F,18,WEST WALK,A
3DCCB7CA-3112-5B9D-E063-4704A8C0331E,495000,2025-07-31,UB3 2LY,T,,F,3,CHURCH GREEN,A
3DCCB7CA-3157-5B9D-E063-4704A8C0331E,475000,2025-08-01,UB3 1JF,S,,F,20,CHESTNUT CLOSE,A
3DCCB7CA-C559-5B9D-E063-4704A8C0331E,410000,2025-08-01,UB3 1JB,T,,F,62,BOTWELL COMMON ROAD,B
402A3A66-21AA-A7DF-E063-4804A8C0B80D,735000,2025-08-04,UB3 3AJ,S,,F,61,STIRLING ROAD,A
3DCCB7CA-C428-5B9D-E063-4704A8C0331E,570000,2025-08-05,UB3 5HP,S,,F,6,CRANESWATER,B
402A3A66-ABC3-A7DF-E063-4804A8C0B80D,390000,2025-08-05,UB3 2QQ,S,,F,15,NORTH ROAD,B
42C129E4-DA95-60A9-E063-4804A8C0C25D,160000,2025-08-06,UB3 4QB,F,,F,54,NESTLES AVENUE,A
3DCCB7CA-2C35-5B9D-E063-4704A8C0331E,220000,2025-08-08,UB3 1QS,S,,F,151,BOURNE AVENUE,A
402A3A66-25AC-A7DF-E063-4804A8C0B80D,483000,2025-08-14,UB3 5HA,T,,F,38,CRANFORD LANE,A
50D10B84-C789-B8D0-E063-4704A8C08D98,470000,2025-08-14,UB3 2QD,T,,F,52,TUDOR ROAD,B
4777E0AE-47AB-5D59-E063-4804A8C09F8E,320000,2025-08-14,UB3 5LZ,F,,F,11,GILPIN WAY,A
3DCCB7CA-C500-5B9D-E063-4704A8C0331E,520000,2025-08-14,UB3 2LQ,S,,F,281,CHURCH ROAD,B
3DCCB7CA-307A-5B9D-E063-4704A8C0331E,400000,2025-08-15,UB3 2QU,T,,F,1,WAYLANDS,A
402A3A66-210E-A7DF-E063-4804A8C0B80D,535000,2025-08-21,UB3 1QB,S,,F,56,GLAMIS CRESCENT,A
44F406B6-A7FD-1095-E063-4704A8C048D4,539500,2025-08-21,UB3 4QZ,S,,F,123,ROSEVILLE ROAD,B
50D10B84-A49C-B8D0-E063-4704A8C08D98,2500,2025-08-22,UB3 4BD,O,,F,1,STATION ROAD,B
4C1B673E-CE0F-D8EA-E063-4704A8C0BF7D,520000,2025-08-22,UB3 2PW,D,,F,12,VICTORIA CLOSE,A
49E87C31-86AC-591C-E063-4704A8C00C31,293000,2025-08-27,UB3 4NA,F,,F,ASA COURT,OLD STATION ROAD,A
49E87C31-8577-591C-E063-4704A8C00C31,149000,2025-08-28,UB3 4FQ,F,,F,"TRIDENT HOUSE, 76",STATION ROAD,A
402A3A65-732E-A7DF-E063-4804A8C0B80D,218000,2025-08-29,UB3 5BH,F,,F,118,BOLTONS LANE,A
42C129E5-8FDF-60A9-E063-4804A8C0C25D,118000,2025-08-29,UB3 4QA,F,,F,10,NESTLES AVENUE,B
402A3A65-74DF-A7DF-E063-4804A8C0B80D,305000,2025-08-29,UB3 5BS,S,,F,57,BOLTONS LANE,A
42C129E4-D975-60A9-E063-4804A8C0C25D,563000,2025-08-29,UB3 1NS,S,,F,14,SEATON ROAD,A
402A3A65-75C6-A7DF-E063-4804A8C0B80D,295000,2025-09-01,UB3 5DZ,T,,F,4,KILN CLOSE,A
49E87C31-8663-591C-E063-4704A8C00C31,330000,2025-09-01,UB3 2NF,S,,F,2,FULWOOD CLOSE,A
49E87C31-8660-591C-E063-4704A8C00C31,400000,2025-09-01,UB3 2SR,S,,F,6,LEVEN WAY,A
4C1B673E-CC9B-D8EA-E063-4704A8C0BF7D,310000,2025-09-04,UB3 5LU,F,,F,56,WEST END LANE,A
50D10B84-A4AD-B8D0-E063-4704A8C08D98,175000,2025-09-05,UB3 3PJ,F,,F,8,ABBEY CLOSE,B
42C129E4-DAA4-60A9-E063-4804A8C0C25D,452000,2025-09-05,UB3 4AF,T,,F,23,REPTON AVENUE,A
402A3A65-7484-A7DF-E063-4804A8C0B80D,450000,2025-09-08,UB3 1PZ,S,,F,3,PEMBROKE WAY,A
402A3A66-2292-A7DF-E063-4804A8C0B80D,480000,2025-09-09,UB3 5DJ,T,,F,443,HIGH STREET,A
49E87C31-839E-591C-E063-4704A8C00C31,420000,2025-09-10,UB3 4EY,T,,F,145,WOOLACOMBE WAY,A
42C129E4-26EF-60A9-E063-4804A8C0C25D,215000,2025-09-11,UB3 4FD,F,,F,CARDINAL BUILDING,STATION APPROACH,A
42C129E4-D9F7-60A9-E063-4804A8C0C25D,535000,2025-09-12,UB3 4EB,T,,F,13,BEDWELL GARDENS,A
42C129E4-DA46-60A9-E063-4804A8C0C25D,537500,2025-09-12,UB3 4PB,S,,F,47,HYDE WAY,A
49E87C32-340A-591C-E063-4704A8C00C31,510000,2025-09-15,UB3 1NT,S,,F,23,SEATON ROAD,A
49E87C32-34D5-591C-E063-4704A8C00C31,295500,2025-09-16,UB3 3PY,T,,F,35,GADE CLOSE,A
402A3A65-73F3-A7DF-E063-4804A8C0B80D,518000,2025-09-16,UB3 2FX,S,,F,29,FREMANTLE WAY,A
402A3A66-22AF-A7DF-E063-4804A8C0B80D,528000,2025-09-17,UB3 1NR,T,,F,165,WENTWORTH CRESCENT,A
49E87C32-B65A-591C-E063-4704A8C00C31,146500,2025-09-17,UB3 1RP,F,,F,225,BOURNE AVENUE,B
4E75C29D-FA7B-8922-E063-4804A8C094D0,156000,2025-09-17,UB3 1RP,F,,F,225,BOURNE AVENUE,B
402A3A65-73D8-A7DF-E063-4804A8C0B80D,96000,2025-09-18,UB3 2FF,F,,F,"FINNEGAN LODGE, 39",VARCOE GARDENS,A
4C1B6740-0632-D8EA-E063-4704A8C0BF7D,225000,2025-09-18,UB3 3EW,F,,F,12A,COLDHARBOUR LANE,B
4C1B673E-CC3F-D8EA-E063-4704A8C0BF7D,573000,2025-09-19,UB3 3JB,T,,F,43,FAIRDALE GARDENS,A
42C129E4-DE81-60A9-E063-4804A8C0C25D,458000,2025-09-19,UB3 1QN,T,,F,52,BOURNE AVENUE,A
42C129E4-D976-60A9-E063-4804A8C0C25D,555000,2025-09-25,UB3 1NR,S,,F,108,WENTWORTH CRESCENT,A
42C129E4-2893-60A9-E063-4804A8C0C25D,525000,2025-09-26,UB3 2DS,S,,F,9,POPLAR PLACE,A
50D10B84-C7F8-B8D0-E063-4704A8C08D98,485000,2025-09-26,UB3 2PU,S,,F,141,CROMWELL ROAD,B
402A3A66-2150-A7DF-E063-4804A8C0B80D,760000,2025-09-26,UB3 4NG,D,,F,98,NORTH HYDE ROAD,A
4C1B6740-065B-D8EA-E063-4704A8C0BF7D,530000,2025-09-26,UB3 1ND,S,,F,64,DAWLEY ROAD,B
49E87C32-B7CA-591C-E063-4704A8C00C31,750000,2025-09-26,UB3 1PJ,T,,F,69,PINKWELL LANE,B
4C1B6740-07BB-D8EA-E063-4704A8C0BF7D,500000,2025-09-26,UB3 3JW,S,,F,50,MINET DRIVE,B
42C129E4-275B-60A9-E063-4804A8C0C25D,455000,2025-09-29,UB3 5BD,S,,F,16,NEW ROAD,A
402A3A65-7569-A7DF-E063-4804A8C0B80D,600000,2025-09-29,UB3 4JJ,S,,F,76,MONMOUTH ROAD,A
4E75C29E-2EC1-8922-E063-4804A8C094D0,380000,2025-09-29,UB3 2UT,T,,F,9,WILLENHALL DRIVE,B
44F406B7-20B0-1095-E063-4704A8C048D4,420000,2025-09-30,UB3 4FS,F,,F,"LAURINA APARTMENTS, 10",CARNATION GARDENS,B
42C129E5-9100-60A9-E063-4804A8C0C25D,570000,2025-09-30,UB3 3LH,S,,F,20,MOUNT ROAD,B
4C1B673E-CB69-D8EA-E063-4704A8C0BF7D,500000,2025-10-01,UB3 2TY,T,,F,68A,KINGSWAY,A
42C129E4-DE74-60A9-E063-4804A8C0C25D,500000,2025-10-03,UB3 4QJ,S,,F,7,BLACK ROD CLOSE,A
42C129E5-9025-60A9-E063-4804A8C0C25D,650000,2025-10-03,UB3 4NN,S,,F,49,NORTH HYDE ROAD,B
44F406B6-A88C-1095-E063-4704A8C048D4,540000,2025-10-07,UB3 1SD,T,,F,51,ST ANSELMS ROAD,A
42C129E5-9164-60A9-E063-4804A8C0C25D,460000,2025-10-07,UB3 1JF,S,,F,22,CHESTNUT CLOSE,B
44F406B6-A847-1095-E063-4704A8C048D4,530000,2025-10-08,UB3 1NR,S,,F,112,WENTWORTH CRESCENT,A
44F406B6-A970-1095-E063-4704A8C048D4,515000,2025-10-10,UB3 1QZ,T,,F,15,MARLOW GARDENS,A
4C1B673E-CB82-D8EA-E063-4704A8C0BF7D,297000,2025-10-10,UB3 2AZ,F,,F,44,COMPTON ROAD,A
49E87C31-846B-591C-E063-4704A8C00C31,211000,2025-10-13,UB3 4FE,F,,F,CARDINAL BUILDING,STATION APPROACH,A
42C129E4-DF1C-60A9-E063-4804A8C0C25D,760000,2025-10-13,UB3 1LD,T,,F,23,PRINCES PARK AVENUE,A
44F406B6-A8B5-1095-E063-4704A8C048D4,581000,2025-10-14,UB3 5LY,T,,F,163,WEST END LANE,A
44F406B6-A845-1095-E063-4704A8C048D4,580000,2025-10-15,UB3 1PT,S,,F,3,CARNARVON DRIVE,A
44F406B6-AE14-1095-E063-4704A8C048D4,615000,2025-10-15,UB3 2AQ,S,,F,157,BOTWELL LANE,A
42C129E4-26F6-60A9-E063-4804A8C0C25D,320000,2025-10-15,UB3 2FH,F,,F,"AQUA HOUSE, 46",VARCOE GARDENS,A
49E87C32-B684-591C-E063-4704A8C00C31,517000,2025-10-19,UB3 2PU,S,,F,140,CROMWELL ROAD,B
49E87C31-845A-591C-E063-4704A8C00C31,225000,2025-10-20,UB3 4FE,F,,F,CARDINAL BUILDING,STATION APPROACH,A
50D10B84-3819-B8D0-E063-4704A8C08D98,481000,2025-10-21,UB3 1TW,S,,F,36,MILDRED AVENUE,A
50D10B84-38EE-B8D0-E063-4704A8C08D98,545000,2025-10-24,UB3 1QP,T,,F,92,BOURNE AVENUE,A
44F406B7-4327-1095-E063-4704A8C048D4,400000,2025-10-24,UB3 2QX,T,,F,6,ANGEL LANE,B
50D10B83-B269-B8D0-E063-4704A8C08D98,500000,2025-10-24,UB3 1QL,T,,F,8,BOURNE AVENUE,A
4777E0AF-77A1-5D59-E063-4804A8C09F8E,275000,2025-10-27,UB3 1JL,S,,F,35,LIME GROVE,B
49E87C32-E459-591C-E063-4704A8C00C31,975000,2025-10-27,UB3 3HG,O,,F,138,COLDHARBOUR LANE,B
44F406B7-431B-1095-E063-4704A8C048D4,393000,2025-10-30,UB3 2QZ,T,,F,35,ANGEL LANE,B
44F406B6-A943-1095-E063-4704A8C048D4,520000,2025-10-30,UB3 1LB,T,,F,14,PRINCES PARK CLOSE,A
44F406B6-1150-1095-E063-4704A8C048D4,340000,2025-10-30,UB3 4NY,F,,F,7,FAIREY AVENUE,A
50D10B84-A49F-B8D0-E063-4704A8C08D98,515000,2025-10-31,UB3 1QE,S,,F,5,DENBIGH DRIVE,B
44F406B6-ACF4-1095-E063-4704A8C048D4,145000,2025-11-03,UB3 5LD,F,,F,26,TASKER CLOSE,A
4C1B673F-6927-D8EA-E063-4704A8C0BF7D,400000,2025-11-04,UB3 4HA,T,,F,69,CLEAVE AVENUE,A
4E75C29C-C98C-8922-E063-4804A8C094D0,320000,2025-11-04,UB3 2BE,F,,F,77,BOTWELL CRESCENT,A
44F406B7-20C9-1095-E063-4704A8C048D4,790000,2025-11-04,UB3 4BD,O,,F,9A,STATION ROAD,B
50D10B84-C7D0-B8D0-E063-4704A8C08D98,131000,2025-11-07,UB3 4QA,F,,F,10,NESTLES AVENUE,B
44F406B6-A8E0-1095-E063-4704A8C048D4,385000,2025-11-07,UB3 4AQ,T,,F,32,OAKINGTON AVENUE,A
44F406B6-1244-1095-E063-4704A8C048D4,200000,2025-11-10,UB3 3PQ,F,,F,100,ABBOTSWOOD WAY,A
50D10B84-3DD5-B8D0-E063-4704A8C08D98,500000,2025-11-10,UB3 4AR,S,,F,28,CLEMENT GARDENS,A
4777E0AF-7649-5D59-E063-4804A8C09F8E,970000,2025-11-10,UB3 3NT,O,,F,UNIT 4,PETER JAMES BUSINESS CENTRE,B
44F406B6-11C3-1095-E063-4704A8C048D4,535000,2025-11-12,UB3 2FJ,T,,F,91,VARCOE GARDENS,A
44F406B6-A850-1095-E063-4704A8C048D4,552000,2025-11-14,UB3 1NL,S,,F,18,WENTWORTH CRESCENT,A
4C1B673E-CE75-D8EA-E063-4704A8C0BF7D,535000,2025-11-14,UB3 2TU,S,,F,73,KINGSWAY,A
4E75C29C-C6D1-8922-E063-4804A8C094D0,745000,2025-11-17,UB3 2EL,T,,F,14,TOWNFIELD ROAD,A
44F406B7-4335-1095-E063-4704A8C048D4,292000,2025-11-20,UB3 4JX,S,,F,20A,LABURNUM ROAD,B
4777E0AF-998B-5D59-E063-4804A8C09F8E,430000,2025-11-21,UB3 2QB,T,,F,37,TUDOR ROAD,B
4777E0AF-99B3-5D59-E063-4804A8C09F8E,390000,2025-11-21,UB3 2NL,T,,F,9,BELL HOUSE COTTAGES,B
49E87C32-E2D8-591C-E063-4704A8C00C31,570000,2025-11-24,UB3 4HP,S,,F,73,KEITH ROAD,B
4C1B673F-65FC-D8EA-E063-4704A8C0BF7D,555000,2025-11-24,UB3 5EN,T,,F,75,HUDSON ROAD,A
4777E0AF-9971-5D59-E063-4804A8C09F8E,448000,2025-11-26,UB3 2PR,T,,F,61,CROMWELL ROAD,B
4777E0AE-4610-5D59-E063-4804A8C09F8E,320000,2025-11-27,UB3 2DD,F,,F,33,REID CLOSE,A
4777E0AE-F53D-5D59-E063-4804A8C09F8E,425000,2025-11-28,UB3 4HA,T,,F,53,CLEAVE AVENUE,A
49E87C31-8409-591C-E063-4704A8C00C31,340000,2025-11-28,UB3 1LX,F,,F,91,DAWLEY ROAD,A
50D10B84-C8FA-B8D0-E063-4704A8C08D98,485000,2025-11-28,UB3 2NY,T,,F,23,JUDGE HEATH LANE,B
4777E0AF-9981-5D59-E063-4804A8C09F8E,1300000,2025-11-28,UB3 4DA,O,,F,20A,STATION ROAD,B
4777E0AE-F23E-5D59-E063-4804A8C09F8E,473000,2025-11-28,UB3 5ND,S,,F,2,FIELD CLOSE,A
49E87C32-333E-591C-E063-4704A8C00C31,585000,2025-12-01,UB3 2BN,S,,F,21,CENTRAL AVENUE,A
4777E0AE-F69A-5D59-E063-4804A8C09F8E,540000,2025-12-02,UB3 3JN,S,,F,29,MINET DRIVE,A
4777E0AE-F106-5D59-E063-4804A8C09F8E,645000,2025-12-02,UB3 4EZ,T,,F,15,CLEAVE AVENUE,A
4777E0AE-4959-5D59-E063-4804A8C09F8E,190000,2025-12-04,UB3 3PJ,F,,F,14,ABBEY CLOSE,A
49E87C32-2F8A-591C-E063-4704A8C00C31,587000,2025-12-05,UB3 2AY,S,,F,7,COMPTON ROAD,A
4777E0AE-47F8-5D59-E063-4804A8C09F8E,322000,2025-12-15,UB3 2BE,F,,F,38,BOTWELL CRESCENT,A
49E87C32-B7F8-591C-E063-4704A8C00C31,372822,2025-12-16,UB3 4GN,F,,F,"ROBUSTA COURT, 57",FARINE AVENUE,B
49E87C32-B7F0-591C-E063-4704A8C00C31,424330,2025-12-16,UB3 4GL,F,,F,"ARUSHA COURT, 49",FARINE AVENUE,B
49E87C32-B7F1-591C-E063-4704A8C00C31,291063,2025-12-16,UB3 4GL,F,,F,"ARUSHA COURT, 49",FARINE AVENUE,B
49E87C32-B7FB-591C-E063-4704A8C00C31,380180,2025-12-16,UB3 4SN,F,,F,"CATURRA COURT, 48",CRANTON AVENUE,B
49E87C32-B7EC-591C-E063-4704A8C00C31,286157,2025-12-16,UB3 4GL,F,,F,"ARUSHA COURT, 49",FARINE AVENUE,B
49E87C32-B7FA-591C-E063-4704A8C00C31,388356,2025-12-16,UB3 4GN,F,,F,"ROBUSTA COURT, 57",FARINE AVENUE,B
49E87C32-B7F6-591C-E063-4704A8C00C31,283705,2025-12-16,UB3 4SN,F,,F,"CATURRA COURT, 48",CRANTON AVENUE,B
49E87C32-B7F7-591C-E063-4704A8C00C31,309867,2025-12-16,UB3 4GN,F,,F,"ROBUSTA COURT, 57",FARINE AVENUE,B
49E87C32-B7F3-591C-E063-4704A8C00C31,416974,2025-12-16,UB3 4GL,F,,F,"ARUSHA COURT, 49",FARINE AVENUE,B
49E87C32-B7F9-591C-E063-4704A8C00C31,466028,2025-12-16,UB3 4GN,F,,F,"ROBUSTA COURT, 57",FARINE AVENUE,B
49E87C32-B7EE-591C-E063-4704A8C00C31,286157,2025-12-16,UB3 4GL,F,,F,"ARUSHA COURT, 49",FARINE AVENUE,B
4C1B673E-CD1B-D8EA-E063-4704A8C0BF7D,180000,2025-12-16,UB3 5LD,F,,F,29,TASKER CLOSE,A
49E87C32-B7FC-591C-E063-4704A8C00C31,417790,2025-12-16,UB3 4GL,F,,F,"ARUSHA COURT, 49",FARINE AVENUE,B
49E87C32-B7F5-591C-E063-4704A8C00C31,482379,2025-12-16,UB3 4GL,F,,F,"ARUSHA COURT, 49",FARINE AVENUE,B
4777E0AF-999B-5D59-E063-4804A8C09F8E,625000,2025-12-17,UB3 4AN,S,,F,246,STATION ROAD,B
49E87C32-B668-591C-E063-4704A8C00C31,250000,2025-12-18,UB3 5HD,F,,F,"OAKLANDS COURT, 360",CRANFORD LANE,B
49E87C32-B669-591C-E063-4704A8C00C31,250000,2025-12-18,UB3 5HD,F,,F,"OAKLANDS COURT, 360",CRANFORD LANE,B
49E87C32-B66A-591C-E063-4704A8C00C31,250000,2025-12-18,UB3 5HD,F,,F,"OAKLANDS COURT, 360",CRANFORD LANE,B
49E87C31-8486-591C-E063-4704A8C00C31,270000,2025-12-18,UB3 2FT,F,,F,"SOPWITH HOUSE, 10",ALBACORE WAY,A
4E75C29D-FC72-8922-E063-4804A8C094D0,10000,2025-12-19,UB3 1BY,O,,F,BLUENOTE APARTMENTS,BLYTH ROAD,B
4777E0AE-4627-5D59-E063-4804A8C09F8E,282000,2025-12-19,UB3 5EL,F,,F,10,HUDSON ROAD,A
4777E0AE-F13E-5D59-E063-4804A8C09F8E,498000,2025-12-19,UB3 4NR,S,,F,111,NORTH HYDE ROAD,A
4C1B6740-07B8-D8EA-E063-4704A8C0BF7D,455000,2026-01-08,UB3 3PD,S,,F,98,BIRCHWAY,B
49E87C32-3340-591C-E063-4704A8C00C31,700000,2026-01-09,UB3 2AN,S,,F,193,BOTWELL LANE,A
4C1B673F-65A8-D8EA-E063-4704A8C0BF7D,440000,2026-01-09,UB3 5HR,T,,F,9,ETON ROAD,A
4C1B673F-DCD5-D8EA-E063-4704A8C0BF7D,280000,2026-01-15,UB3 4BQ,F,,F,VANTAGE BUILDING,STATION APPROACH,B
4E75C29E-2E92-8922-E063-4804A8C094D0,390000,2026-01-16,UB3 2JE,T,,F,21,NORTH AVENUE,B
4C1B673F-69A9-D8EA-E063-4704A8C0BF7D,585000,2026-01-16,UB3 2SS,T,,F,54,LEVEN WAY,A
4C1B673F-DC9B-D8EA-E063-4704A8C0BF7D,178000,2026-01-19,UB3 2BB,F,,F,11,PARK SIDE,B
49E87C32-2ED9-591C-E063-4704A8C00C31,590000,2026-01-19,UB3 4EF,S,,F,28,BEDWELL GARDENS,A
49E87C32-E48B-591C-E063-4704A8C00C31,425000,2026-01-20,UB3 5DS,F,,F,240,HIGH STREET,B
49E87C32-308A-591C-E063-4704A8C00C31,620000,2026-01-22,UB3 2NB,S,,F,16,ACACIA AVENUE,A
4E75C29D-7849-8922-E063-4804A8C094D0,520000,2026-01-23,UB3 3LB,S,,F,1,HALSEND,A
49E87C32-2F13-591C-E063-4704A8C00C31,500000,2026-01-23,UB3 1JZ,T,,F,4,PRINCES PARK CIRCLE,A
4C1B673F-68FC-D8EA-E063-4704A8C0BF7D,420000,2026-01-28,UB3 5LP,S,,F,63,PENNINE WAY,A
4C1B673E-CC5C-D8EA-E063-4704A8C0BF7D,465000,2026-01-28,UB3 2UJ,T,,F,18,BARRA WOOD CLOSE,A
4E75C29D-FA5D-8922-E063-4804A8C094D0,505000,2026-01-30,UB3 2AE,T,,F,24,BOTWELL LANE,B
4E75C29D-788E-8922-E063-4804A8C094D0,625000,2026-01-30,UB3 5DP,D,,F,176,HIGH STREET,A
49E87C32-2F53-591C-E063-4704A8C00C31,560000,2026-01-30,UB3 4JS,T,,F,11,CORONATION ROAD,A
4C1B673E-CD8E-D8EA-E063-4704A8C0BF7D,295000,2026-02-02,UB3 1DZ,F,,F,"BOILER HOUSE, 2",MATERIAL WALK,A
4C1B6740-07A4-D8EA-E063-4704A8C0BF7D,560000,2026-02-03,UB3 1LU,S,,F,49,DAWLEY ROAD,B
4C1B673F-DE8A-D8EA-E063-4704A8C0BF7D,11663474,2026-02-05,UB3 1RW,O,,F,ORCHARD VIEW,SHEPISTON LANE,B
4C1B6740-07B9-D8EA-E063-4704A8C0BF7D,327000,2026-02-09,UB3 2AF,F,,F,90,BOTWELL LANE,B
4C1B673F-6640-D8EA-E063-4704A8C0BF7D,610000,2026-02-09,UB3 4AH,S,,F,56,OAKINGTON AVENUE,A
4C1B673F-6624-D8EA-E063-4704A8C0BF7D,505000,2026-02-09,UB3 1SF,T,,F,30,NIELD ROAD,A
4C1B6740-0705-D8EA-E063-4704A8C0BF7D,395000,2026-02-10,UB3 4HA,T,,F,35,CLEAVE AVENUE,B
4E75C29D-FAB5-8922-E063-4804A8C094D0,580000,2026-02-11,UB3 2QL,S,,F,16,LANCASTER WALK,B
50D10B84-C7AE-B8D0-E063-4704A8C08D98,520500,2026-02-12,UB3 4JT,S,,F,40,CORONATION ROAD,B
4E75C29C-C9A2-8922-E063-4804A8C094D0,330000,2026-02-16,UB3 4JX,S,,F,4,LABURNUM ROAD,A
4E75C29D-73B6-8922-E063-4804A8C094D0,715000,2026-02-16,UB3 4AH,S,,F,50,OAKINGTON AVENUE,A
4E75C29D-7891-8922-E063-4804A8C094D0,465000,2026-02-16,UB3 3PD,T,,F,108,BIRCHWAY,A
4C1B673F-DCA7-D8EA-E063-4704A8C0BF7D,535000,2026-02-17,UB3 4QJ,S,,F,6,BLACK ROD CLOSE,B
50D10B84-389D-B8D0-E063-4704A8C08D98,460000,2026-02-18,UB3 5EW,T,,F,35,VICTORIA LANE,A
4E75C29D-73DB-8922-E063-4804A8C094D0,580000,2026-02-20,UB3 4AG,S,,F,3,RUTLAND ROAD,A
4E75C29D-72CF-8922-E063-4804A8C094D0,605000,2026-02-20,UB3 4RD,S,,F,39,CARFAX ROAD,A
50D10B84-384F-B8D0-E063-4704A8C08D98,493000,2026-02-20,UB3 4AG,S,,F,6,RUTLAND ROAD,A
4E75C29D-7890-8922-E063-4804A8C094D0,540000,2026-02-20,UB3 1NW,S,,F,69,WENTWORTH CRESCENT,A
4E75C29E-2E82-8922-E063-4804A8C094D0,525000,2026-02-20,UB3 1PH,S,,F,54,PINKWELL LANE,B
4E75C29C-C6C4-8922-E063-4804A8C094D0,500000,2026-02-20,UB3 3JU,T,,F,64,HALSWAY,A
4E75C29C-CC05-8922-E063-4804A8C094D0,324950,2026-02-20,UB3 2BE,F,,F,32,BOTWELL CRESCENT,A
4E75C29E-2C55-8922-E063-4804A8C094D0,435000,2026-02-25,UB3 1QS,T,,F,141,BOURNE AVENUE,B
4E75C29D-FA3B-8922-E063-4804A8C094D0,470000,2026-02-25,UB3 4PL,S,,F,45,GRANVILLE ROAD,B
4C1B673F-6629-D8EA-E063-4704A8C0BF7D,650000,2026-02-25,UB3 4AH,S,,F,36,OAKINGTON AVENUE,A
4E75C29E-2DD9-8922-E063-4804A8C094D0,430000,2026-02-26,UB3 5LP,T,,F,72,PENNINE WAY,B
4E75C29D-77D9-8922-E063-4804A8C094D0,530000,2026-02-27,UB3 1JG,S,,F,28,CHESTNUT CLOSE,A
4E75C29D-FB19-8922-E063-4804A8C094D0,550000,2026-02-27,UB3 2PN,S,,F,39,COMMONWEALTH AVENUE,B
4E75C29D-7892-8922-E063-4804A8C094D0,96500,2026-03-02,UB3 5NH,F,,F,105,BRENDON CLOSE,A
4E75C29D-7885-8922-E063-4804A8C094D0,210000,2026-03-06,UB3 5LY,F,,F,153,WEST END LANE,A
4E75C29D-772D-8922-E063-4804A8C094D0,174000,2026-03-09,UB3 5EP,F,,F,"FELBRIDGE COURT, 311",HIGH STREET,A
50D10B83-B1EE-B8D0-E063-4704A8C08D98,275000,2026-03-10,UB3 5LZ,F,,F,15,GILPIN WAY,A
50D10B83-B265-B8D0-E063-4704A8C08D98,297000,2026-03-10,UB3 2FH,F,,F,"AQUA HOUSE, 46",VARCOE GARDENS,A
50D10B84-3900-B8D0-E063-4704A8C08D98,605000,2026-03-11,UB3 4AH,S,,F,25,OAKINGTON AVENUE,A
50D10B84-A423-B8D0-E063-4704A8C08D98,404000,2026-03-16,UB3 1NJ,T,,F,5,WOODHOUSE CLOSE,B
4E75C29D-783D-8922-E063-4804A8C094D0,425000,2026-03-16,UB3 2RB,T,,F,20,MIDDLETON ROAD,A
50D10B84-3925-B8D0-E063-4704A8C08D98,517000,2026-03-16,UB3 4QY,S,,F,67,ROSEVILLE ROAD,A
50D10B84-3C5E-B8D0-E063-4704A8C08D98,293000,2026-03-16,UB3 4QH,F,,F,6,SANDOW CRESCENT,A
4E75C29D-FA21-8922-E063-4804A8C094D0,460000,2026-03-16,UB3 2JF,T,,F,24,WHEATLEY CRESCENT,B
50D10B84-A5CD-B8D0-E063-4704A8C08D98,179000,2026-03-19,UB3 1RR,F,,F,275,BOURNE AVENUE,B
50D10B84-A5CC-B8D0-E063-4704A8C08D98,250000,2026-03-19,UB3 1RR,F,,F,275,BOURNE AVENUE,B
50D10B84-3C35-B8D0-E063-4704A8C08D98,430000,2026-03-20,UB3 3PB,S,,F,63,BIRCHWAY,A
50D10B84-3BEA-B8D0-E063-4704A8C08D98,470000,2026-03-26,UB3 5HB,S,,F,122,CRANFORD LANE,A
50D10B84-3B39-B8D0-E063-4704A8C08D98,370000,2026-03-27,UB3 4HA,T,,F,47,CLEAVE AVENUE,A
50D10B84-393D-B8D0-E063-4704A8C08D98,500000,2026-03-30,UB3 2PN,S,,F,42,COMMONWEALTH AVENUE,A
50D10B83-B315-B8D0-E063-4704A8C08D98,126000,2026-03-30,UB3 4FQ,F,,F,"TRIDENT HOUSE, 76",STATION ROAD,A
50D10B84-38CD-B8D0-E063-4704A8C08D98,440000,2026-03-30,UB3 4AG,T,,F,9,RUTLAND ROAD,A
50D10B84-C91B-B8D0-E063-4704A8C08D98,6700000,2026-03-31,UB3 1SS,O,,F,ABENGLEN INDUSTRIAL ESTATE,BETAM ROAD,B
50D10B84-3B8F-B8D0-E063-4704A8C08D98,327500,2026-04-02,UB3 1QY,T,,F,2A,WINDSOR GARDENS,A
50D10B84-A466-B8D0-E063-4704A8C08D98,600000,2026-04-02,UB3 2QG,S,,F,171,TUDOR ROAD,B
50D10B84-3C4C-B8D0-E063-4704A8C08D98,280000,2026-04-07,UB3 5NA,F,,F,5,THE CRESCENT,A
50D10B83-B3A0-B8D0-E063-4704A8C08D98,320000,2026-04-07,UB3 2AR,F,,F,315,BOTWELL LANE,A
50D10B84-C897-B8D0-E063-4704A8C08D98,390000,2026-04-08,UB3 5LP,S,,F,70,PENNINE WAY,B
50D10B84-37E1-B8D0-E063-4704A8C08D98,420000,2026-04-09,UB3 4JU,T,,F,100,CORONATION ROAD,A
50D10B84-C90E-B8D0-E063-4704A8C08D98,330000,2026-04-10,UB3 5LH,F,,F,3,MENDIP CLOSE,B
50D10B84-38FF-B8D0-E063-4704A8C08D98,520000,2026-04-15,UB3 2PU,D,,F,143,CROMWELL ROAD,A
50D10B84-C8FE-B8D0-E063-4704A8C08D98,430000,2026-04-17,UB3 2RL,S,,F,5,CHURCH WALK,B
50D10B84-3888-B8D0-E063-4704A8C08D98,605000,2026-04-17,UB3 3AB,S,,F,19,HITHERBROOM ROAD,A
